"covariateId","covariateName","analysisId","conceptId","covariateValue","CovariateCount","CovariateCountWithOutcome","CovariateMeanWithOutcome","CovariateStDevWithOutcome","CovariateCountWithNoOutcome","CovariateMeanWithNoOutcome","CovariateStDevWithNoOutcome","TrainCovariateCount","TrainCovariateCountWithOutcome","TrainCovariateMeanWithOutcome","TrainCovariateStDevWithOutcome","TrainCovariateCountWithNoOutcome","TrainCovariateMeanWithNoOutcome","TrainCovariateStDevWithNoOutcome","TestCovariateCount","TestCovariateCountWithOutcome","TestCovariateMeanWithOutcome","TestCovariateStDevWithOutcome","TestCovariateCountWithNoOutcome","TestCovariateMeanWithNoOutcome","TestCovariateStDevWithNoOutcome"
11,"Age group: 5-9",4,0,0.122774828126295,250722,55,0.0755494505494505,0.264457557042717,250667,0.122130802890403,0.327436897910662,188171,35,0.0641025641025641,0.245160162052552,188136,0.122219010156983,0.327538689938605,62551,20,0.10989010989011,0.313615503427434,62531,0.12186618126257,0.327131508246758
12,"Age group: 10-14",4,0,1.37613430941299,372184,233,0.320054945054945,0.466818076606685,371951,0.181223193583074,0.385203089273062,279040,176,0.322344322344322,0.467802591603365,278864,0.181158747121322,0.385149778435963,93144,57,0.313186813186813,0.465069065436793,93087,0.181416532842732,0.385363288176277
13,"Age group: 15-19",4,0,1.81936673372613,227365,240,0.32967032967033,0.47041659794766,227125,0.110660591966565,0.313711449109199,170279,180,0.32967032967033,0.47052447929249,170099,0.110501612709384,0.313514066910805,57086,60,0.32967032967033,0.471390210437195,57026,0.111137529428273,0.314302674987752
42,"Index month: 2",6,0,-0.078934401349876,339574,90,0.123626373626374,0.329381117755726,339484,0.165404514708541,0.371545324935957,255203,71,0.13003663003663,0.336652161072614,255132,0.16574170014974,0.37184873108117,84371,19,0.104395604395604,0.306616570141837,84352,0.16439295904208,0.37063213807663
43,"Index month: 3",6,0,-0.205940158907018,249746,67,0.092032967032967,0.289271225846741,249679,0.121649426270203,0.326880552218359,187286,50,0.0915750915750916,0.288689685852961,187236,0.121634342102271,0.326863118644315,62460,17,0.0934065934065934,0.291804141459407,62443,0.121694678744602,0.326933161697873
44,"Index month: 4",6,0,-0.0158603024803377,174663,61,0.0837912087912088,0.277264928909046,174602,0.0850701625912874,0.27898614293574,130950,46,0.0842490842490843,0.278015715101137,130904,0.0850393189266794,0.278940286996093,43713,15,0.0824175824175824,0.275758484526946,43698,0.0851626935250004,0.279123916916978
45,"Index month: 5",6,0,-0.218469832613491,139423,45,0.0618131868131868,0.240981505718221,139378,0.0679082090792113,0.25158838418834,104482,30,0.0549450549450549,0.228081943876078,104452,0.0678552751675236,0.251497470940107,34941,15,0.0824175824175824,0.275758484526946,34926,0.0680670107111118,0.25186110535378
47,"Index month: 7",6,0,-0.0862903186959758,110592,44,0.0604395604395604,0.238463269430497,110548,0.0538615613460421,0.2257443651225,83055,29,0.0531135531135531,0.224465550613689,83026,0.0539362776783481,0.225891984756885,27537,15,0.0824175824175824,0.275758484526946,27522,0.053637412494738,0.225300997340068
50,"Index month: 10",6,0,-0.0306101820288779,80201,34,0.0467032967032967,0.211147672569419,80167,0.0390592302748865,0.193735967472425,59840,24,0.043956043956044,0.205185326589908,59816,0.0388583381784992,0.193257320676823,20361,10,0.0549450549450549,0.228501598221492,20351,0.0396619061725315,0.195163812225733
51,"Index month: 11",6,0,0.117726246830806,62686,36,0.0494505494505494,0.216955868774207,62650,0.0305245397323293,0.172025598748453,47086,29,0.0531135531135531,0.224465550613689,47057,0.0305696940561996,0.172148793528925,15600,7,0.0384615384615385,0.192838197294368,15593,0.0303890768487192,0.171655580399694
8532,"Gender = FEMALE",2,8532,-0.118505284820943,1009016,331,0.45467032967033,0.498283326593793,1008685,0.491454834156497,0.499927096596108,757091,246,0.450549450549451,0.498004891403772,756845,0.491670104298285,0.499930770407684,251925,85,0.467032967032967,0.500288302529153,251840,0.490809024150673,0.49991600596732
25297201,"Condition era record observed during anytime on or prior to cohort index:    25297-Acute pharyngitis",201,25297,-0.140140844213492,477424,104,0.142857142857143,0.350167688543955,477320,0.232561425459464,0.422465023174382,358236,78,0.142857142857143,0.350247993025814,358158,0.232670601266131,0.422534150755368,119188,26,0.142857142857143,0.350892424100662,119162,0.232233898252233,0.422257814901669
28060201,"Condition era record observed during anytime on or prior to cohort index:    28060-Streptococcal sore throat",201,28060,-0.196470960019995,174466,27,0.0370879120879121,0.189107170235357,174439,0.0849907451934203,0.278867990839672,131271,22,0.0402930402930403,0.196825974984345,131249,0.0852634416809856,0.279273410586825,43195,5,0.0274725274725275,0.163906680137133,43190,0.0841726562621806,0.277646844814969
75576201,"Condition era record observed during anytime on or prior to cohort index:    75576-Irritable bowel syndrome",201,75576,0.590302365455356,720,7,0.00961538461538462,0.097652587951124,713,0.000347390212755798,0.0186351737849093,536,5,0.00915750915750916,0.0953430547083728,531,0.000344954152280043,0.0185697437496774,184,2,0.010989010989011,0.104538501142478,182,0.000354698389435445,0.0188301160249499
75860201,"Condition era record observed during anytime on or prior to cohort index:    75860-Constipation",201,75860,0.146278989839185,90649,46,0.0631868131868132,0.243465936917978,90603,0.0441438926315759,0.205414775353203,67753,36,0.0659340659340659,0.248394380213777,67717,0.0439910740676981,0.205075319799539,22896,10,0.0549450549450549,0.228501598221492,22886,0.0446023480253824,0.206429313868623
76725201,"Condition era record observed during anytime on or prior to cohort index:    76725-Anal fissure",201,76725,0.440669547419406,5618,13,0.0178571428571429,0.132523165776701,5605,0.00273088659536641,0.0521864942364238,4244,8,0.0146520146520147,0.120265637811203,4236,0.00275183764417752,0.0523857501284354,1374,5,0.0274725274725275,0.163906680137133,1369,0.00266803348976442,0.0515841087245753
78508201,"Condition era record observed during anytime on or prior to cohort index:    78508-Arthralgia of the ankle and/or foot",201,78508,0.0727726083056621,14531,10,0.0137362637362637,0.11647409026803,14521,0.00707496953636318,0.0838147824976378,10869,8,0.0146520146520147,0.120265637811203,10861,0.00705564415802928,0.0837010549203167,3662,2,0.010989010989011,0.104538501142478,3660,0.0071329456337018,0.0841550980184819
81151201,"Condition era record observed during anytime on or prior to cohort index:    81151-Sprain of ankle",201,81151,-0.0122805160461933,12462,2,0.00274725274725275,0.0523781811219297,12460,0.00607080231548001,0.07767850806116,9404,2,0.00366300366300366,0.0604672023113781,9402,0.00610783227822404,0.07791360989385,3058,0,0,0,3058,0.00595971249941533,0.0769688630030258
81902201,"Condition era record observed during anytime on or prior to cohort index:    81902-Urinary tract infectious disease",201,81902,-0.000926623691083561,89554,20,0.0274725274725275,0.163568146185078,89534,0.0436230509240921,0.204254989361756,67146,17,0.0311355311355311,0.173843206645212,67129,0.0436090909386196,0.204223811590449,22408,3,0.0164835164835165,0.127676850602728,22405,0.043664930853303,0.204348687418036
133834201,"Condition era record observed during anytime on or prior to cohort index:    133834-Atopic dermatitis",201,133834,0.468331708312292,108489,40,0.0549450549450549,0.228029649494129,108449,0.0528388796397666,0.223711771756035,81239,32,0.0586080586080586,0.235105059961166,81207,0.0527545985766581,0.223543247200116,27250,8,0.043956043956044,0.205562852809017,27242,0.0530917226648373,0.22421661318054
134438201,"Condition era record observed during anytime on or prior to cohort index:    134438-Contact dermatitis",201,134438,-0.0526527063907555,173407,37,0.0508241758241758,0.219789525098897,173370,0.0844699034859365,0.278091309771302,130211,30,0.0549450549450549,0.228081943876078,130181,0.0845696355893941,0.278240296539876,43196,7,0.0384615384615385,0.192838197294368,43189,0.0841707073699309,0.27764392596161
135033201,"Condition era record observed during anytime on or prior to cohort index:    135033-Hair and hair follicle diseases",201,135033,0.556590300510979,15986,9,0.0123626373626374,0.11057394510751,15977,0.00778436666086871,0.0878850047491638,11990,8,0.0146520146520147,0.120265637811203,11982,0.00778388070173159,0.0878822901399778,3996,1,0.00549450549450549,0.0741249316661101,3995,0.00778582453733298,0.0878932336942342
135852201,"Condition era record observed during anytime on or prior to cohort index:    135852-Teething syndrome",201,135852,-0.059785930259025,63532,12,0.0164835164835165,0.127413145982608,63520,0.0309484240031533,0.17317804037178,47675,7,0.0128205128205128,0.112602706717483,47668,0.0309666187022318,0.173227326719326,15857,5,0.0274725274725275,0.163906680137133,15852,0.0308938399413773,0.173030254417697
139900201,"Condition era record observed during anytime on or prior to cohort index:    139900-Urticaria",201,139900,-0.438022171511722,54749,7,0.00961538461538462,0.097652587951124,54742,0.0266715778775286,0.161121747320076,40930,3,0.00549450549450549,0.0739887976087588,40927,0.0265874549724394,0.160874420040474,13819,4,0.021978021978022,0.147016139830467,13815,0.0269239464288498,0.161861356094549
140214201,"Condition era record observed during anytime on or prior to cohort index:    140214-Eruption",201,140214,-0.343994847603349,127452,27,0.0370879120879121,0.189107170235357,127425,0.0620844289767288,0.241308891312288,95409,17,0.0311355311355311,0.173843206645212,95392,0.0619696167500901,0.241100437810928,32043,10,0.0549450549450549,0.228501598221492,32033,0.0624288654328879,0.241933082205521
192671201,"Condition era record observed during anytime on or prior to cohort index:    192671-Gastrointestinal hemorrhage",201,192671,-0.242042670637888,1088,4,0.00549450549450549,0.0739718335370906,1084,0.000528150056980765,0.0229754515013157,823,3,0.00549450549450549,0.0739887976087588,820,0.000532697560959765,0.023074101068972,265,1,0.00549450549450549,0.0741249316661101,264,0.00051450755390636,0.0226769450784087
195453201,"Condition era record observed during anytime on or prior to cohort index:    195453-Colitis, enteritis and gastroenteritis presumed infectious",201,195453,-0.130128208293495,23613,2,0.00274725274725275,0.0523781811219297,23611,0.0115038293315248,0.106637220437773,17727,2,0.00366300366300366,0.0604672023113781,17725,0.0115147125219657,0.106687071905126,5886,0,0,0,5886,0.0114711797814122,0.10648762329736
196523201,"Condition era record observed during anytime on or prior to cohort index:    196523-Diarrhea",201,196523,1.54418094728757,121785,119,0.163461538461538,0.370040476842965,121666,0.0592785099931935,0.236145284551673,91294,91,0.166666666666667,0.373019745974459,91203,0.059248311770992,0.236088935641661,30491,28,0.153846153846154,0.361796527874177,30463,0.0593691046009448,0.236314457566152
197925201,"Condition era record observed during anytime on or prior to cohort index:    197925-Hemorrhage of rectum and anus",201,197925,1.489089007138,3139,32,0.043956043956044,0.20513828191966,3107,0.00151380279247162,0.0388781677811719,2353,22,0.0402930402930403,0.196825974984345,2331,0.00151429026170392,0.0388844206456566,786,10,0.0549450549450549,0.228501598221492,776,0.00151234038572475,0.0388594410049758
197988201,"Condition era record observed during anytime on or prior to cohort index:    197988-Generalized abdominal pain",201,197988,0.354245886213254,18390,24,0.032967032967033,0.178673051785589,18366,0.00894834312408554,0.094171516926559,13782,19,0.0347985347985348,0.183437251921044,13763,0.00894087381888933,0.0941325679591664,4608,5,0.0274725274725275,0.163906680137133,4603,0.00897075102511732,0.0942883554707988
200219201,"Condition era record observed during anytime on or prior to cohort index:    200219-Abdominal pain",201,200219,0.905502572747079,81217,100,0.137362637362637,0.344466447985588,81117,0.0395220924096944,0.19483355746972,60886,77,0.141025641025641,0.348367162739654,60809,0.039503421932198,0.194789440773242,20331,23,0.126373626373626,0.333186578505451,20308,0.0395781038057968,0.194966026747591
201418201,"Condition era record observed during anytime on or prior to cohort index:    201418-Flatulence, eructation and gas pain",201,201418,-0.229106091743033,8069,8,0.010989010989011,0.104322586623899,8061,0.00392750701966969,0.0625466515038049,6101,5,0.00915750915750916,0.0953430547083728,6096,0.00396015162391552,0.0628050267532997,1968,3,0.0164835164835165,0.127676850602728,1965,0.00382957327055302,0.0617649987774379
254761201,"Condition era record observed during anytime on or prior to cohort index:    254761-Cough",201,254761,-0.282887094191435,334075,66,0.0906593406593407,0.287321461856892,334009,0.162736967142148,0.369125606065885,250465,47,0.0860805860805861,0.280740215721449,250418,0.162679338805393,0.369072973842101,83610,19,0.104395604395604,0.306616570141837,83591,0.1629098520401,0.369283763412067
256451201,"Condition era record observed during anytime on or prior to cohort index:    256451-Bronchitis",201,256451,-0.105524290187849,75331,8,0.010989010989011,0.104322586623899,75323,0.0366991206106662,0.188022106098034,56555,7,0.0128205128205128,0.112602706717483,56548,0.0367353435087229,0.188111352750945,18776,1,0.00549450549450549,0.0741249316661101,18775,0.0365904519870905,0.187754252980211
257007201,"Condition era record observed during anytime on or prior to cohort index:    257007-Allergic rhinitis",201,257007,-0.00365684854306885,184462,41,0.0563186813186813,0.230694585626968,184421,0.0898542081720015,0.285972847122125,138536,33,0.0604395604395604,0.238517956570175,138503,0.0899758662019638,0.286147274834378,45926,8,0.043956043956044,0.205562852809017,45918,0.089489234319213,0.285448892199637
257011201,"Condition era record observed during anytime on or prior to cohort index:    257011-Acute upper respiratory infection",201,257011,-0.0991004452786229,744800,141,0.193681318681319,0.395453762429935,744659,0.362815215204095,0.480812278812638,558560,106,0.194139194139194,0.395899267656213,558454,0.362789126473445,0.480804873481414,186240,35,0.192307692307692,0.395200702694359,186205,0.362893481345203,0.480834954148137
259848201,"Condition era record observed during anytime on or prior to cohort index:    259848-Chronic rhinitis",201,259848,-0.372148068983486,68824,10,0.0137362637362637,0.11647409026803,68814,0.0335277841522826,0.180010243125085,51557,5,0.00915750915750916,0.0953430547083728,51552,0.0334897861738998,0.17991176010296,17267,5,0.0274725274725275,0.163906680137133,17262,0.0336417780133772,0.180305496710731
260123201,"Condition era record observed during anytime on or prior to cohort index:    260123-Acute sinusitis",201,260123,-0.0178380411022281,249460,48,0.0659340659340659,0.248337428618345,249412,0.121519337649157,0.32672991941165,187473,37,0.0677655677655678,0.251573667299065,187436,0.121764268336652,0.327013456547618,61987,11,0.0604395604395604,0.238956812427122,61976,0.120784546064017,0.325877041935127
260134201,"Condition era record observed during anytime on or prior to cohort index:    260134-Croup",201,260134,-0.00838142871917461,191357,34,0.0467032967032967,0.211147672569419,191323,0.0932170233872056,0.29073639456022,143961,24,0.043956043956044,0.205185326589908,143937,0.0935059619900801,0.291140261947486,47396,10,0.0549450549450549,0.228501598221492,47386,0.0923502081416923,0.289519965732167
312437201,"Condition era record observed during anytime on or prior to cohort index:    312437-Dyspnea",201,312437,-0.0916931752912246,23837,4,0.00549450549450549,0.0739718335370906,23833,0.0116119929040799,0.10713150851554,17967,2,0.00366300366300366,0.0604672023113781,17965,0.0116706240032222,0.107398454512724,5870,2,0.010989010989011,0.104538501142478,5868,0.0114360997209186,0.106326560073089
312664201,"Condition era record observed during anytime on or prior to cohort index:    312664-Influenza with respiratory manifestation other than pneumonia",201,312664,-0.176916703182934,81794,13,0.0178571428571429,0.132523165776701,81781,0.0398456086807601,0.195596407916369,61435,10,0.0183150183150183,0.134210910403305,61425,0.0399035947340897,0.195732784044004,20359,3,0.0164835164835165,0.127676850602728,20356,0.0396716506337798,0.195186795194869
316822201,"Condition era record observed during anytime on or prior to cohort index:    316822-Heart murmur",201,316822,0.295566570511482,35163,16,0.021978021978022,0.14671249171319,35147,0.0171244373179916,0.129735111535337,26474,14,0.0256410256410256,0.158206841969362,26460,0.017189240808531,0.129976081583053,8689,2,0.010989010989011,0.104538501142478,8687,0.0169300269726687,0.129009432196379
317009201,"Condition era record observed during anytime on or prior to cohort index:    317009-Asthma",201,317009,-0.0283063375250687,127610,32,0.043956043956044,0.20513828191966,127578,0.0621589741415978,0.2414441228899,95819,19,0.0347985347985348,0.183437251921044,95800,0.0622346662682262,0.241581353784168,31791,13,0.0714285714285714,0.258249831621929,31778,0.0619318979092284,0.241032054205064
320136201,"Condition era record observed during anytime on or prior to cohort index:    320136-Disorder of respiratory system",201,320136,0.183022688242613,27699,13,0.0178571428571429,0.132523165776701,27686,0.0134892642782006,0.11535731667764,20822,9,0.0164835164835165,0.127442365830712,20813,0.0135207735807995,0.115490133463158,6877,4,0.021978021978022,0.147016139830467,6873,0.0133947364318122,0.114958006345858
372328201,"Condition era record observed during anytime on or prior to cohort index:    372328-Otitis media",201,372328,-0.38991067032308,556336,85,0.116758241758242,0.321352774761162,556251,0.2710184477358,0.44448570841163,416895,62,0.113553113553114,0.317558654438257,416833,0.27078771027749,0.444366801772522,139441,23,0.126373626373626,0.333186578505451,139418,0.271710659661049,0.444841952543718
374375201,"Condition era record observed during anytime on or prior to cohort index:    374375-Impacted cerumen",201,374375,-0.582112135948251,60664,10,0.0137362637362637,0.11647409026803,60654,0.0295520420259329,0.169347963704844,45504,4,0.00732600732600733,0.0853561988386086,45500,0.0295582183215479,0.169365134208847,15160,6,0.032967032967033,0.179042848080024,15154,0.0295335131511249,0.16929660542947
374801201,"Condition era record observed during anytime on or prior to cohort index:    374801-Foreign body in ear",201,374801,0.212400871586156,9960,6,0.00824175824175824,0.0904714037560604,9954,0.00484982072618684,0.0694715935947753,7529,5,0.00915750915750916,0.0953430547083728,7524,0.0048878249373918,0.0697419333295147,2431,1,0.00549450549450549,0.0741249316661101,2430,0.00473580816663808,0.0686541293261746
374948201,"Condition era record observed during anytime on or prior to cohort index:    374948-Acute secretory otitis media",201,374948,0.071176872115157,75957,21,0.0288461538461538,0.167489065397798,75936,0.0369977884934422,0.188756376049396,57064,15,0.0274725274725275,0.163605657513672,57049,0.0370608087258459,0.188910900601403,18893,6,0.032967032967033,0.179042848080024,18887,0.0368087279190508,0.188292099047972
375281201,"Condition era record observed during anytime on or prior to cohort index:    375281-Acute suppurative otitis media without spontaneous rupture of ear drum",201,375281,-0.175370389543779,348412,61,0.0837912087912088,0.277264928909046,348351,0.169724723707847,0.375390876992005,261591,43,0.0787545787545788,0.269602334108921,261548,0.169909733748664,0.375553601700786,86821,18,0.0989010989010989,0.299352710716222,86803,0.169169693945961,0.374902097241508
375415201,"Condition era record observed during anytime on or prior to cohort index:    375415-Injury of head",201,375415,-0.553909472767618,67722,8,0.010989010989011,0.104322586623899,67714,0.0329918385225051,0.17861520836,50605,5,0.00915750915750916,0.0953430547083728,50600,0.0328713372982489,0.178299840534954,17117,3,0.0164835164835165,0.127676850602728,17114,0.0333533419604297,0.179557677013978
377091201,"Condition era record observed during anytime on or prior to cohort index:    377091-Seizure",201,377091,-0.233203093755233,22979,6,0.00824175824175824,0.0904714037560604,22973,0.0111929808662538,0.105203153175294,17290,5,0.00915750915750916,0.0953430547083728,17285,0.0112288748063287,0.105369798280313,5689,1,0.00549450549450549,0.0741249316661101,5688,0.0110852991159825,0.104701655307352
378253201,"Condition era record observed during anytime on or prior to cohort index:    378253-Headache",201,378253,-0.130511171315417,24191,8,0.010989010989011,0.104322586623899,24183,0.0117825210590091,0.10790597263166,18059,6,0.010989010989011,0.10434651107935,18053,0.0117277915463496,0.107658060456186,6132,2,0.010989010989011,0.104538501142478,6130,0.0119467094903257,0.108646254548513
380733201,"Condition era record observed during anytime on or prior to cohort index:    380733-Otalgia",201,380733,0.150397209031302,116012,37,0.0508241758241758,0.219789525098897,115975,0.0565057221940445,0.230895759009639,87114,23,0.0421245421245421,0.201057459180185,87091,0.0565770283921304,0.231032688001561,28898,14,0.0769230769230769,0.267204444283069,28884,0.0562918037387549,0.230484576711476
432436201,"Condition era record observed during anytime on or prior to cohort index:    432436-Symbolic dysfunction",201,432436,0.0218490841212534,3837,7,0.00961538461538462,0.097652587951124,3830,0.0018660652382254,0.0431576638182187,2887,6,0.010989010989011,0.10434651107935,2881,0.0018715874062501,0.0432213579194086,950,1,0.00549450549450549,0.0741249316661101,949,0.00184949874491339,0.0429660528454764
432795201,"Condition era record observed during anytime on or prior to cohort index:    432795-Traumatic AND/OR non-traumatic injury",201,432795,0.364788154827607,10724,6,0.00824175824175824,0.0904714037560604,10718,0.00522205932723232,0.0720749051656599,8074,6,0.010989010989011,0.10434651107935,8068,0.00524122429490657,0.0722063518661363,2650,0,0,0,2650,0.00516456446156005,0.071679158398375
434750901,"Observation record observed during 365d on or prior to cohort index:  434750-Feeding difficulties and mismanagement",901,434750,-0.0791787609052707,5717,7,0.00961538461538462,0.097652587951124,5710,0.00278204504184517,0.0526716870713018,4314,4,0.00732600732600733,0.0853561988386086,4310,0.00279991035089828,0.0528400668692106,1403,3,0.0164835164835165,0.127676850602728,1400,0.00272844914950342,0.0521633014455309
435928901,"Measurement record observed during 365d on or prior to cohort index:  435928-Abnormal weight loss",901,435928,1.9837224367594,1746,16,0.021978021978022,0.14671249171319,1730,0.000842896308650114,0.0290204452894117,1331,16,0.0293040293040293,0.168812014937932,1315,0.000854264991051331,0.0292153346183103,415,0,0,0,415,0.0008087902836028,0.0284277631348877
436375201,"Condition era record observed during anytime on or prior to cohort index:    436375-Hypovolemia",201,436375,0.0996433825109895,19015,12,0.0164835164835165,0.127413145982608,19003,0.00925870436605671,0.0957757027059097,14334,10,0.0183150183150183,0.134210910403305,14324,0.00930531690632643,0.0960142383835659,4681,2,0.010989010989011,0.104538501142478,4679,0.00911886683609037,0.0950564606609229
436659201,"Condition era record observed during anytime on or prior to cohort index:    436659-Iron deficiency anemia",201,436659,0.134593328523825,12739,10,0.0137362637362637,0.11647409026803,12729,0.00620186538312561,0.0785073579472003,9598,9,0.0164835164835165,0.127442365830712,9589,0.00622931330736974,0.0786798130694181,3141,1,0.00549450549450549,0.0741249316661101,3140,0.00611952166388625,0.0779877232121809
437663201,"Condition era record observed during anytime on or prior to cohort index:    437663-Fever",201,437663,-0.175330860439679,226481,50,0.0686813186813187,0.253085319423608,226431,0.110322458996505,0.313291337031761,169996,38,0.0695970695970696,0.254700080343876,169958,0.110410014714146,0.313400234798176,56485,12,0.0659340659340659,0.248851407978717,56473,0.110059792014219,0.312964574806501
439703201,"Condition era record observed during anytime on or prior to cohort index:    439703-Active infantile autism",201,439703,1.11257173227489,6029,13,0.0178571428571429,0.132523165776701,6016,0.00293113537158329,0.0540605701130581,4497,11,0.0201465201465201,0.140630221596926,4486,0.00291424543715306,0.0539050507684928,1532,2,0.010989010989011,0.104538501142478,1530,0.00298180514195731,0.0545244878376039
439777201,"Condition era record observed during anytime on or prior to cohort index:    439777-Anemia",201,439777,0.50188681789041,44215,30,0.0412087912087912,0.198909462389231,44185,0.0215279615015637,0.145136207192675,33071,23,0.0421245421245421,0.201057459180185,33048,0.0214690109690223,0.144941733757241,11144,7,0.0384615384615385,0.192838197294368,11137,0.0217048129842997,0.145718068405801
439926201,"Condition era record observed during anytime on or prior to cohort index:    439926-Malaise and fatigue",201,439926,0.168683844906454,19186,21,0.0288461538461538,0.167489065397798,19165,0.00933763454062395,0.0961792473917493,14419,16,0.0293040293040293,0.168812014937932,14403,0.0093566377689067,0.096276150318044,4767,5,0.0274725274725275,0.163906680137133,4762,0.00928062489281093,0.0958880222630784
441417201,"Condition era record observed during anytime on or prior to cohort index:    441417-Incoordination",201,441417,-2.15614802203848e-05,11578,7,0.00961538461538462,0.097652587951124,11571,0.00563766080195981,0.0748724269271229,8680,5,0.00915750915750916,0.0953430547083728,8675,0.00563555041625117,0.0748584973677453,2898,2,0.010989010989011,0.104538501142478,2896,0.00564399195497279,0.0749142726538623
443530201,"Condition era record observed during anytime on or prior to cohort index:    443530-Hematochezia",201,443530,1.97182972414768,12194,56,0.0769230769230769,0.266652558438915,12138,0.00591391641294513,0.0766742777596552,9089,41,0.0750915750915751,0.263780717316435,9048,0.00587786284337068,0.0764415944873359,3105,15,0.0824175824175824,0.275758484526946,3090,0.00602207705140398,0.0773681026335504
443865201,"Condition era record observed during anytime on or prior to cohort index:    443865-Noninfectious colitis",201,443865,0.440844483600287,170751,81,0.111263736263736,0.314674647729759,170670,0.0831544005764826,0.276115525436451,128121,60,0.10989010989011,0.31303953323805,128061,0.0831924175049616,0.276172932640001,42630,21,0.115384615384615,0.3203668742655,42609,0.0830403498651367,0.275943469858267
915981504,"Drug era record observed during anytime on or prior to cohort index:  915981-Neomycin",504,915981,-0.288262211497406,46667,7,0.00961538461538462,0.097652587951124,46660,0.0227338391685632,0.149053757248424,35093,3,0.00549450549450549,0.0739887976087588,35090,0.0227955578220465,0.149251247354151,11574,4,0.021978021978022,0.147016139830467,11570,0.0225486833283961,0.148459702150748
917205504,"Drug era record observed during anytime on or prior to cohort index:  917205-Desonide",504,917205,0.0599965125749884,28213,12,0.0164835164835165,0.127413145982608,28201,0.0137401842775965,0.116410472966014,21208,11,0.0201465201465201,0.140630221596926,21197,0.0137702319508099,0.116535923582498,7005,1,0.00549450549450549,0.0741249316661101,7004,0.0136500413165157,0.116033374198802
918172504,"Drug era record observed during anytime on or prior to cohort index:  918172-Benzoyl Peroxide",504,918172,-0.272150521656749,6191,0,0,0,6191,0.00301639944904789,0.0548388753407599,4603,0,0,0,4603,0.00299025228426561,0.0546013975306096,1588,0,0,0,1588,0.00309484089243674,0.0555451965983002
919345504,"Drug era record observed during anytime on or prior to cohort index:  919345-Gentamicin Sulfate (USP)",504,919345,-0.269172104233749,51160,6,0.00824175824175824,0.0904714037560604,51154,0.0249234206778543,0.15589180741846,38249,3,0.00549450549450549,0.0739887976087588,38246,0.0248457938005697,0.155655054754337,12911,3,0.0164835164835165,0.127676850602728,12908,0.0251563011584216,0.156599838646551
920458504,"Drug era record observed during anytime on or prior to cohort index:  920458-Betamethasone",504,920458,-0.205070254161433,23243,3,0.00412087912087912,0.0641057130998938,23240,0.0113230694872998,0.105805779799989,17468,1,0.00183150183150183,0.0427960492510913,17467,0.0113471076796149,0.105916750869337,5775,2,0.010989010989011,0.104538501142478,5773,0.0112509549572023,0.105472236394209
951511504,"Drug era record observed during anytime on or prior to cohort index:  951511-Mupirocin",504,951511,0.18324784782335,125924,43,0.0590659340659341,0.235910145494279,125881,0.061332156201841,0.239938639796069,94619,29,0.0531135531135531,0.224465550613689,94590,0.0614486125502246,0.240151448115293,31305,14,0.0769230769230769,0.267204444283069,31291,0.0609827873836511,0.239298973311493
968426504,"Drug era record observed during anytime on or prior to cohort index:  968426-mesalamine",504,968426,2.50502989745566,51,17,0.0233516483516484,0.151121538387293,34,1.65655921931236e-05,0.00407005231481017,35,8,0.0146520146520147,0.120265637811203,27,1.75400416413581e-05,0.00418804792029206,16,9,0.0494505494505494,0.217404898303434,7,1.36422457475171e-05,0.00369351949008046
996541504,"Drug era record observed during anytime on or prior to cohort index:  996541-fluocinolone",504,996541,0.463988774831071,10914,7,0.00961538461538462,0.097652587951124,10907,0.0053141445308941,0.0727042431651407,8226,7,0.0128205128205128,0.112602706717483,8219,0.00533931860186379,0.0728753300424892,2688,0,0,0,2688,0.00523862236704657,0.0721885680616301
1125315504,"Drug era record observed during anytime on or prior to cohort index:  1125315-Acetaminophen",504,1125315,-0.098102425584299,83469,31,0.0425824175824176,0.20205255235524,83438,0.040652937688525,0.197484924355431,62639,18,0.032967032967033,0.178714027144868,62621,0.0406805536156847,0.19754916230017,20830,13,0.0714285714285714,0.258249831621929,20817,0.0405700899608662,0.19729225433496
1149196504,"Drug era record observed during anytime on or prior to cohort index:  1149196-Cetirizine",504,1149196,0.2030818456691,19318,12,0.0164835164835165,0.127413145982608,19306,0.00940633302589543,0.0965290550289348,14374,9,0.0164835164835165,0.127442365830712,14365,0.00933195178437442,0.0961502598333768,4944,3,0.0164835164835165,0.127676850602728,4941,0.00962947660549743,0.0976563790642249
1154343504,"Drug era record observed during anytime on or prior to cohort index:  1154343-Albuterol",504,1154343,-0.532448156904012,260256,46,0.0631868131868132,0.243465936917978,260210,0.126780374840373,0.332726862959422,195175,27,0.0494505494505494,0.217005623589395,195148,0.126774223934361,0.332719990376377,65081,19,0.104395604395604,0.306616570141837,65062,0.126798827546423,0.332747803392855
1174888504,"Drug era record observed during anytime on or prior to cohort index:  1174888-Hydrocodone",504,1174888,-0.210534470065413,57620,15,0.0206043956043956,0.142153481122456,57605,0.0280664981848496,0.165162898846406,43257,8,0.0146520146520147,0.120265637811203,43249,0.0280958985535962,0.165246896422413,14363,7,0.0384615384615385,0.192838197294368,14356,0.027978297135908,0.164910778988242
1201620504,"Drug era record observed during anytime on or prior to cohort index:  1201620-Codeine",504,1201620,0.117676788460871,103005,35,0.0480769230769231,0.214075883177747,102970,0.0501693831801747,0.218294386984353,77376,26,0.0476190476190476,0.213154140556834,77350,0.0502489711466315,0.21845833252216,25629,9,0.0494505494505494,0.217404898303434,25620,0.0499306194359126,0.217801848315201
1703687504,"Drug era record observed during anytime on or prior to cohort index:  1703687-Acyclovir",504,1703687,-0.156111796611546,13674,0,0,0,13674,0.00666229140143448,0.0813505285730589,10345,0,0,0,10345,0.00672043447332777,0.0817023535174105,3329,0,0,0,3329,0.00648786229906921,0.0802856307441941
1713332504,"Drug era record observed during anytime on or prior to cohort index:  1713332-Amoxicillin",504,1713332,-0.345635886325794,800621,148,0.203296703296703,0.402728124306474,800473,0.390009096459007,0.487752106145827,600037,108,0.197802197802198,0.398707459005623,599929,0.389732579328086,0.487689707137083,200584,40,0.21978021978022,0.415240003879745,200544,0.390838647312867,0.48793879030068
1716903504,"Drug era record observed during anytime on or prior to cohort index:  1716903-moxifloxacin",504,1716903,0.315662230610604,110874,27,0.0370879120879121,0.189107170235357,110847,0.0540072411126816,0.226032041782913,83185,24,0.043956043956044,0.205185326589908,83161,0.0540239778865549,0.226065081115024,27689,3,0.0164835164835165,0.127676850602728,27686,0.0539570308236798,0.2259331076471
1734104504,"Drug era record observed during anytime on or prior to cohort index:  1734104-Azithromycin",504,1734104,-0.0049688622695026,495563,100,0.137362637362637,0.344466447985588,495463,0.241401117787694,0.427933064090805,371514,79,0.144688644688645,0.352109233128452,371435,0.241295754335476,0.427869410223001,124049,21,0.115384615384615,0.3203668742655,124028,0.241717207939007,0.428124230263055
1750500504,"Drug era record observed during anytime on or prior to cohort index:  1750500-Clarithromycin",504,1750500,-0.148671876265003,31349,5,0.00686813186813187,0.0826458890206954,31344,0.0152715271088608,0.122630807286104,23677,3,0.00549450549450549,0.0739887976087588,23674,0.0153793683636116,0.123056301056132,7672,2,0.010989010989011,0.104538501142478,7670,0.0149480035547795,0.121344919305029
1754994504,"Drug era record observed during anytime on or prior to cohort index:  1754994-Fluconazole",504,1754994,-0.234813251992679,22452,6,0.00824175824175824,0.0904714037560604,22446,0.0109362141872604,0.104002974364291,16816,4,0.00732600732600733,0.0853561988386086,16812,0.010921599262019,0.103934233768792,5636,2,0.010989010989011,0.104538501142478,5634,0.0109800589345016,0.104209013066662
1759842504,"Drug era record observed during anytime on or prior to cohort index:  1759842-Clavulanate",504,1759842,-0.080670103519731,335025,61,0.0837912087912088,0.277264928909046,334964,0.163202265393455,0.369550202953124,251278,44,0.0805860805860806,0.272448000102814,251234,0.163209437841665,0.369556769607371,83747,17,0.0934065934065934,0.291804141459407,83730,0.163180748062801,0.36953086156864
1777806504,"Drug era record observed during anytime on or prior to cohort index:  1777806-Ceftriaxone",504,1777806,-0.0810014210759653,109600,18,0.0247252747252747,0.155393386650719,109582,0.0533909036384374,0.224811787216639,82115,14,0.0256410256410256,0.158206841969362,82101,0.0533353688443386,0.224701446535031,27485,4,0.021978021978022,0.147016139830467,27481,0.0535575079125025,0.22514262156796
1786621504,"Drug era record observed during anytime on or prior to cohort index:  1786621-Cephalexin",504,1786621,-0.129657787009464,135919,30,0.0412087912087912,0.198909462389231,135889,0.0662082869862169,0.248645892471685,101878,21,0.0384615384615385,0.192484040526599,101857,0.0661694822764376,0.248578201041734,34041,9,0.0494505494505494,0.217404898303434,34032,0.0663247010399289,0.248849062201796
1796458504,"Drug era record observed during anytime on or prior to cohort index:  1796458-cefdinir",504,1796458,-0.149006758360017,239509,43,0.0590659340659341,0.235910145494279,239466,0.116673414709369,0.321030807280294,179680,30,0.0549450549450549,0.228081943876078,179650,0.116706240032222,0.321070024352347,59829,13,0.0714285714285714,0.258249831621929,59816,0.116574938804783,0.320913420029355
1836430504,"Drug era record observed during anytime on or prior to cohort index:  1836430-Sulfamethoxazole",504,1836430,-0.18486803294556,119376,33,0.0453296703296703,0.208169201888804,119343,0.0581466902677633,0.234020681483033,89599,20,0.0366300366300366,0.188024004261994,89579,0.0581933107478229,0.234108703247639,29777,13,0.0714285714285714,0.258249831621929,29764,0.0580068289184428,0.233756589658813
2100938701,"Procedure occurrence record observed during 365d on or prior to cohort index:  2100938-Anesthesia for upper gastrointestinal endoscopic procedures, endoscope introduced proximal to duodenum",701,2100938,-0.0427148484937433,1890,6,0.00824175824175824,0.0904714037560604,1884,0.000917928696818968,0.0302834369012577,1453,3,0.00549450549450549,0.0739887976087588,1450,0.000941965199258121,0.03067700298555,437,3,0.0164835164835165,0.127676850602728,434,0.000845819236346061,0.029070697844823
2100978701,"Procedure occurrence record observed during 365d on or prior to cohort index:  2100978-Anesthesia for lower intestinal endoscopic procedures, endoscope introduced distal to duodenum",701,2100978,-0.316161557313411,344,10,0.0137362637362637,0.11647409026803,334,0.00016273258213245,0.0127556332462722,256,3,0.00549450549450549,0.0739887976087588,253,0.000164356686491245,0.0128191177592141,88,7,0.0384615384615385,0.192838197294368,81,0.000157860272221269,0.0125632662934612
2108115701,"Procedure occurrence record observed during 365d on or prior to cohort index:  2108115-Collection of venous blood by venipuncture",701,2108115,0.212201311576834,116663,100,0.137362637362637,0.344466447985588,116563,0.0567922094943256,0.231445199851089,87692,76,0.139194139194139,0.346466423227856,87616,0.056918084757379,0.231686105013067,28971,24,0.131868131868132,0.33928072142267,28947,0.0564145839504825,0.230720788859109
2211361701,"Procedure occurrence record observed during 365d on or prior to cohort index:  2211361-Radiologic examination, chest, 2 views, frontal and lateral",701,2211361,0.0238395738578411,98372,36,0.0494505494505494,0.216955868774207,98336,0.0479115904089119,0.213579240888771,73917,29,0.0531135531135531,0.224465550613689,73888,0.0479999480295062,0.213766186999267,24455,7,0.0384615384615385,0.192838197294368,24448,0.0476465177193283,0.21301740657114
2211456701,"Procedure occurrence record observed during 365d on or prior to cohort index:  2211456-Radiologic examination, wrist; complete, minimum of 3 views",701,2211456,-0.323240352362025,12804,2,0.00274725274725275,0.0523781811219297,12802,0.00623743268401084,0.0787307445512335,9715,0,0,0,9715,0.00631116683502941,0.079191793023443,3089,2,0.010989010989011,0.104538501142478,3087,0.00601623037465505,0.0773307636144981
2212091901,"Measurement record observed during 365d on or prior to cohort index:  2212091-General health panel This panel must include the following: Comprehensive metabolic panel (80053) Blood count, complete (CBC), automated and automated differential WBC count (85025 or 85027 and 85004) OR Blood count, complete (CBC), automated (85027) and ",901,2212091,0.26406730602164,7269,20,0.0274725274725275,0.163568146185078,7249,0.00353188170023392,0.0593246089462682,5403,14,0.0256410256410256,0.158206841969362,5389,0.0035008623853807,0.0590644445859625,1866,6,0.032967032967033,0.179042848080024,1860,0.00362493958434026,0.0600983064351377
2212093901,"Measurement record observed during 365d on or prior to cohort index:  2212093-Comprehensive metabolic panel This panel must include the following: Albumin (82040) Bilirubin, total (82247) Calcium, total (82310) Carbon dioxide (bicarbonate) (82374) Chloride (82435) Creatinine (82565) Glucose (82947) Phosphatase, alkaline (84075) Pot",901,2212093,0.454288749514585,28744,76,0.104395604395604,0.30598328222966,28668,0.013967717558602,0.117356836763565,21583,54,0.0989010989010989,0.298802934842263,21529,0.0139859094998814,0.117432162519301,7161,22,0.120879120879121,0.326886022177999,7139,0.0139131417702178,0.117130666327431
2212095901,"Measurement record observed during 365d on or prior to cohort index:  2212095-Lipid panel This panel must include the following: Cholesterol, serum, total (82465) Lipoprotein, direct measurement, high density cholesterol (HDL cholesterol) (83718) Triglycerides (84478)",901,2212095,-0.134223868666576,12787,7,0.00961538461538462,0.097652587951124,12780,0.00622671377141529,0.0786634910357725,9697,6,0.010989010989011,0.10434651107935,9691,0.00629557568690376,0.0790945350686849,3090,1,0.00549450549450549,0.0741249316661101,3089,0.00602012815915434,0.0773556583455528
2212132901,"Measurement record observed during 365d on or prior to cohort index:  2212132-Tacrolimus",901,2212132,0.683691438532634,121,5,0.00686813186813187,0.0826458890206954,116,5.65179027765394e-05,0.00751762835198052,99,5,0.00915750915750916,0.0953430547083728,94,6.10653301588023e-05,0.00781419483067835,22,0,0,0,22,4.28756294921966e-05,0.00654781450020955
2212165901,"Measurement record observed during 365d on or prior to cohort index:  2212165-Urinalysis, by dip stick or tablet reagent for bilirubin, glucose, hemoglobin, ketones, leukocytes, nitrite, pH, protein, specific gravity, urobilinogen, any number of these constituents; non-automated, with microscopy",901,2212165,-0.127891527177141,80608,22,0.0302197802197802,0.171309242948597,80586,0.0392633768375018,0.194220962966796,60801,15,0.0274725274725275,0.163605657513672,60786,0.0394884804152442,0.194754114127807,19807,7,0.0384615384615385,0.192838197294368,19800,0.038588066542977,0.192611266455522
2212167901,"Measurement record observed during 365d on or prior to cohort index:  2212167-Urinalysis, by dip stick or tablet reagent for bilirubin, glucose, hemoglobin, ketones, leukocytes, nitrite, pH, protein, specific gravity, urobilinogen, any number of these constituents; non-automated, without microscopy",901,2212167,-0.234962301779036,135064,31,0.0425824175824176,0.20205255235524,135033,0.0657912238415901,0.247916858347932,101159,25,0.0457875457875458,0.209215710442558,101134,0.0656997989391523,0.247756685550685,33905,6,0.032967032967033,0.179042848080024,33899,0.0660654983707261,0.248396796566085
2212238901,"Measurement record observed during 365d on or prior to cohort index:  2212238-Vitamin D; 25 hydroxy, includes fraction(s), if performed",901,2212238,0.0580673581426422,3512,12,0.0164835164835165,0.127413145982608,3500,0.00170528154929214,0.0412598399605022,2595,10,0.0183150183150183,0.134210910403305,2585,0.00167929657936706,0.0409448120212771,917,2,0.010989010989011,0.104538501142478,915,0.00178323640842545,0.042190756635573
2212414901,"Measurement record observed during 365d on or prior to cohort index:  2212414-Immunoassay for analyte other than infectious agent antibody or infectious agent antigen; qualitative or semiquantitative, multiple step method",901,2212414,0.647506106416286,5025,27,0.0370879120879121,0.189107170235357,4998,0.00243514205238917,0.0492870502175083,3723,24,0.043956043956044,0.205185326589908,3699,0.00240298570486606,0.0489613410955267,1302,3,0.0164835164835165,0.127676850602728,1299,0.00253161103228925,0.0502514367876839
2212417901,"Measurement record observed during 365d on or prior to cohort index:  2212417-Immunoassay for analyte other than infectious agent antibody or infectious agent antigen; quantitative, not otherwise specified",901,2212417,0.444377406868315,1693,16,0.021978021978022,0.14671249171319,1677,0.000817073473760833,0.0285728238448961,1301,10,0.0183150183150183,0.134210910403305,1291,0.000838673842925679,0.0289477289866228,392,6,0.032967032967033,0.179042848080024,386,0.000752272408363086,0.0274172930754391
2212427901,"Measurement record observed during 365d on or prior to cohort index:  2212427-Lactate (lactic acid)",901,2212427,-0.210102061310698,1199,3,0.00412087912087912,0.0641057130998938,1196,0.000582719066558113,0.0241325462559711,900,1,0.00183150183150183,0.0427960492510913,899,0.000584018423540035,0.0241594231138959,299,2,0.010989010989011,0.104538501142478,297,0.000578820998144655,0.0240517586011038
2212544901,"Measurement record observed during 365d on or prior to cohort index:  2212544-Protein, total, except by refractometry; serum, plasma or whole blood",901,2212544,0.139380830439503,1249,8,0.010989010989011,0.104322586623899,1241,0.000604644115049012,0.0245820832103764,920,7,0.0128205128205128,0.112602706717483,913,0.000593113259946665,0.0243467012485085,329,1,0.00549450549450549,0.0741249316661101,328,0.000639236657883659,0.0252750722924447
2212597901,"Measurement record observed during 365d on or prior to cohort index:  2212597-Transferase; aspartate amino (AST) (SGOT)",901,2212597,0.389847820081339,2856,11,0.0151098901098901,0.122073957834097,2845,0.00138615028792461,0.0372052355150829,2129,9,0.0164835164835165,0.127442365830712,2120,0.00137721808443256,0.0370853373752037,727,2,0.010989010989011,0.104538501142478,725,0.00141294688099284,0.0375626571464282
2212611901,"Measurement record observed during 365d on or prior to cohort index:  2212611-Urea nitrogen; quantitative",901,2212611,0.0193630074789399,4446,10,0.0137362637362637,0.11647409026803,4436,0.00216132255790283,0.0464397706010138,3338,9,0.0164835164835165,0.127442365830712,3329,0.00216262217126227,0.0464537042492419,1108,1,0.00549450549450549,0.0741249316661101,1107,0.00215742372035735,0.046397989598383
2212624901,"Measurement record observed during 365d on or prior to cohort index:  2212624-Vitamin A",901,2212624,0.150539509291953,414,6,0.00824175824175824,0.0904714037560604,408,0.000198787106317483,0.0140977901402436,301,5,0.00915750915750916,0.0953430547083728,296,0.000192290826883037,0.0138655680018927,113,1,0.00549450549450549,0.0741249316661101,112,0.000218275931960274,0.0147725662253397
2212638901,"Measurement record observed during 365d on or prior to cohort index:  2212638-Blood count; blood smear, microscopic examination with manual differential WBC count",901,2212638,0.228241877739974,12682,22,0.0302197802197802,0.171309242948597,12660,0.00616824697543956,0.0782956109336093,9511,15,0.0274725274725275,0.163605657513672,9496,0.00616889760838284,0.0782997209028806,3171,7,0.0384615384615385,0.192838197294368,3164,0.00616629507787773,0.0782833559976521
2212643901,"Measurement record observed during 365d on or prior to cohort index:  2212643-Blood count; hemoglobin (Hgb)",901,2212643,0.304158315937256,111876,36,0.0494505494505494,0.216955868774207,111840,0.0544910538493808,0.226984149231588,83854,28,0.0512820512820513,0.220774710043256,83826,0.0544559826158698,0.226915319057758,28022,8,0.043956043956044,0.205562852809017,28014,0.0545962674815635,0.227190703269122
2212648901,"Measurement record observed during 365d on or prior to cohort index:  2212648-Blood count; complete (CBC), automated (Hgb, Hct, RBC, WBC and platelet count) and automated differential WBC count",901,2212648,0.274741595261427,172101,132,0.181318681318681,0.385546886566747,171969,0.0837873036429199,0.277068635528914,129230,97,0.177655677655678,0.382573130905244,129133,0.0838888221212407,0.277221098709146,42871,35,0.192307692307692,0.395200702694359,42836,0.0834827484058061,0.27661078836705
2212737901,"Measurement record observed during 365d on or prior to cohort index:  2212737-Sedimentation rate, erythrocyte; automated",901,2212737,0.657782216400451,8898,38,0.0521978021978022,0.222578621617655,8860,0.0043167984362081,0.0655603979673382,6674,29,0.0531135531135531,0.224465550613689,6645,0.0043167991372898,0.0655604085917826,2224,9,0.0494505494505494,0.217404898303434,2215,0.00431679633296434,0.0655604299791742
2212748901,"Measurement record observed during 365d on or prior to cohort index:  2212748-Allergen specific IgE; quantitative or semiquantitative, each allergen",901,2212748,-0.879207740618646,19363,8,0.010989010989011,0.104322586623899,19355,0.00943020696758552,0.0966503115122999,14543,3,0.00549450549450549,0.0739887976087588,14540,0.0094456372394573,0.096728606186702,4820,5,0.0274725274725275,0.163906680137133,4815,0.00938391618204213,0.096415125451311
2212755901,"Measurement record observed during 365d on or prior to cohort index:  2212755-Antistreptolysin 0; titer",901,2212755,0.186401319119959,1497,5,0.00686813186813187,0.0826458890206954,1492,0.000726937163298248,0.0269519772852066,1113,5,0.00915750915750916,0.0953430547083728,1108,0.000719791338467585,0.0268192786286148,384,0,0,0,384,0.000748374623863796,0.0273462249076356
2212761901,"Measurement record observed during 365d on or prior to cohort index:  2212761-C-reactive protein",901,2212761,0.578210911425763,8620,40,0.0549450549450549,0.228029649494129,8580,0.00418037591226473,0.06452055794675,6477,26,0.0476190476190476,0.213154140556834,6451,0.00419077068994079,0.0646003935128337,2143,14,0.0769230769230769,0.267204444283069,2129,0.00414919159949485,0.0642805091871311
2212788901,"Measurement record observed during 365d on or prior to cohort index:  2212788-Heterophile antibodies; screening",901,2212788,-0.299238109143771,9056,2,0.00274725274725275,0.0523781811219297,9054,0.00441131975636886,0.066271126097219,6820,1,0.00183150183150183,0.0427960492510913,6819,0.00442983496120078,0.0664094450242587,2236,1,0.00549450549450549,0.0741249316661101,2235,0.00435577417795725,0.0658544596913756
2212980901,"Measurement record observed during 365d on or prior to cohort index:  2212980-Culture, bacterial; blood, aerobic, with isolation and presumptive identification of isolates (includes anaerobic culture, if appropriate)",901,2212980,-3.30079713561915e-13,14013,9,0.0123626373626374,0.11057394510751,14004,0.00682307509036774,0.0823196455189121,10453,6,0.010989010989011,0.10434651107935,10447,0.00678669685286179,0.0821014127626333,3560,3,0.0164835164835165,0.127676850602728,3557,0.00693220973198834,0.0829708841505318
2212981901,"Measurement record observed during 365d on or prior to cohort index:  2212981-Culture, bacterial; stool, aerobic, with isolation and preliminary examination (eg, KIA, LIA), Salmonella and Shigella species",901,2212981,0.543565813197001,11122,42,0.0576923076923077,0.23332098863405,11080,0.00539843416175911,0.0732754644229926,8374,32,0.0586080586080586,0.235105059961166,8342,0.00541922323600776,0.0734156574372683,2748,10,0.0549450549450549,0.228501598221492,2738,0.00533606697952884,0.0728533026888044
2212991901,"Measurement record observed during 365d on or prior to cohort index:  2212991-Culture, presumptive, pathogenic organisms, screening only",901,2212991,0.056650553885389,118508,38,0.0521978021978022,0.222578621617655,118470,0.0577213443270399,0.233215816864997,89124,30,0.0549450549450549,0.228081943876078,89094,0.0578782396294504,0.233513135455341,29384,8,0.043956043956044,0.205562852809017,29376,0.0572506587255804,0.232321169911126
2213031901,"Measurement record observed during 365d on or prior to cohort index:  2213031-Susceptibility studies, antimicrobial agent; microdilution or agar dilution (minimum inhibitory concentration [MIC] or breakpoint), each multi-antimicrobial, per plate",901,2213031,0.303086664825254,24948,17,0.0233516483516484,0.151121538387293,24931,0.0121469640872578,0.109541869607554,18729,13,0.0238095238095238,0.15259514216946,18716,0.0121584970133207,0.109593228651259,6219,4,0.021978021978022,0.147016139830467,6215,0.0121123653315455,0.109387747291186
2213096901,"Measurement record observed during 365d on or prior to cohort index:  2213096-Infectious agent antigen detection by enzyme immunoassay technique, qualitative or semiquantitative, multiple-step method; rotavirus",901,2213096,-0.229307654566801,2787,5,0.00686813186813187,0.0826458890206954,2782,0.00135545522003735,0.0367915563777663,2065,2,0.00366300366300366,0.0604672023113781,2063,0.00134018910763414,0.0365840657971787,722,3,0.0164835164835165,0.127676850602728,719,0.00140125352749497,0.0374071215561614
2213187901,"Measurement record observed during 365d on or prior to cohort index:  2213187-Infectious agent antigen detection by immunoassay with direct optical observation; Streptococcus, group A",901,2213187,0.184808364804022,331430,95,0.130494505494506,0.337078274857707,331335,0.161434132038489,0.367930997618378,248713,72,0.131868131868132,0.338657615806919,248641,0.161524944212923,0.368014571168798,82717,23,0.126373626373626,0.333186578505451,82694,0.161161695692169,0.367680387024286
2313722701,"Procedure occurrence record observed during 365d on or prior to cohort index:  2313722-Screening test, pure tone, air only",701,2313722,-0.138020630748766,93405,12,0.0164835164835165,0.127413145982608,93393,0.0455032456380116,0.208405185722074,70044,11,0.0201465201465201,0.140630221596926,70033,0.0454956198618234,0.208388571294021,23361,1,0.00549450549450549,0.0741249316661101,23360,0.0455261229517142,0.208455222450877
2313735701,"Procedure occurrence record observed during 365d on or prior to cohort index:  2313735-Tympanometry (impedance testing)",701,2313735,-0.06627843784921,73264,14,0.0192307692307692,0.137429582973104,73250,0.0356891067101855,0.185513910908063,55093,11,0.0201465201465201,0.140630221596926,55082,0.0357829842107144,0.185748713765788,18171,3,0.0164835164835165,0.127676850602728,18168,0.0354074743915558,0.184807607286454
2313814901,"Measurement record observed during 365d on or prior to cohort index:  2313814-Electrocardiogram, routine ECG with at least 12 leads; with interpretation and report",901,2313814,-0.408268136275947,11207,3,0.00412087912087912,0.0641057130998938,11204,0.00545884985093403,0.073682110816672,8368,1,0.00183150183150183,0.0427960492510913,8367,0.00543546401530531,0.0735249839041117,2839,2,0.010989010989011,0.104538501142478,2837,0.00552900731224372,0.0741515212673872
2314047701,"Procedure occurrence record observed during 365d on or prior to cohort index:  2314047-Noninvasive ear or pulse oximetry for oxygen saturation; single determination",701,2314047,-0.0644016593202792,56556,11,0.0151098901098901,0.122073957834097,56545,0.027550041487064,0.16367971699129,42345,9,0.0164835164835165,0.127442365830712,42336,0.0275027852936495,0.163543264826271,14211,2,0.010989010989011,0.104538501142478,14209,0.0276918099752101,0.164088470373398
2314342901,"Observation record observed during 365d on or prior to cohort index:  2314342-Handling and/or conveyance of specimen for transfer from the office to a laboratory",901,2314342,0.0553374827681203,32671,17,0.0233516483516484,0.151121538387293,32654,0.0159097896315958,0.125126639265072,24425,14,0.0256410256410256,0.158206841969362,24411,0.0158581465373034,0.124926681955009,8246,3,0.0164835164835165,0.127676850602728,8243,0.0160647188138262,0.125724597548627
2414350901,"Observation record observed during 365d on or prior to cohort index:  2414350-Service(s) provided in the office during regularly scheduled evening, weekend, or holiday office hours, in addition to basic service",901,2414350,-0.0515149363330879,41887,7,0.00961538461538462,0.097652587951124,41880,0.0204049117955299,0.141380907866088,31421,5,0.00915750915750916,0.0953430547083728,31416,0.020408812896478,0.141394152072354,10466,2,0.010989010989011,0.104538501142478,10464,0.0203932085002884,0.141341304936254
2414380701,"Procedure occurrence record observed during 365d on or prior to cohort index:  2414380-Instrument-based ocular screening (eg, photoscreening, automated-refraction), bilateral",701,2414380,1.26182438970643,3391,5,0.00686813186813187,0.0826458890206954,3386,0.00164973809311519,0.0405834604217593,2539,5,0.00915750915750916,0.0953430547083728,2534,0.00164616538960005,0.0405395682852047,852,0,0,0,852,0.0016604561966978,0.0407148905512447
2414393701,"Procedure occurrence record observed during 365d on or prior to cohort index:  2414393-Office or other outpatient visit for the evaluation and management of a new patient, which requires these 3 key components: A comprehensive history; A comprehensive examination; Medical decision making of moderate complexity. Counseling and/or coordinatio",701,2414393,-0.150102430370227,58765,26,0.0357142857142857,0.185704460341387,58739,0.0286190094068202,0.166733245791559,44035,17,0.0311355311355311,0.173843206645212,44018,0.028595464924789,0.166666680400845,14730,9,0.0494505494505494,0.217404898303434,14721,0.0286896428070285,0.166932925187446
2414395701,"Procedure occurrence record observed during 365d on or prior to cohort index:  2414395-Office or other outpatient visit for the evaluation and management of an established patient, that may not require the presence of a physician or other qualified health care professional. Usually, the presenting problem(s) are minimal. Typically, 5 minute",701,2414395,0.112269620818145,50252,19,0.0260989010989011,0.159539057836653,50233,0.0244746880187406,0.154517601903207,37812,18,0.032967032967033,0.178714027144868,37794,0.02455216051087,0.15475583182347,12440,1,0.00549450549450549,0.0741249316661101,12439,0.0242422706933379,0.153800614775404
2414396701,"Procedure occurrence record observed during 365d on or prior to cohort index:  2414396-Office or other outpatient visit for the evaluation and management of an established patient, which requires at least 2 of these 3 key components: A problem focused history; A problem focused examination; Straightforward medical decision making. Counselin",701,2414396,-0.0230287074199161,235448,62,0.0851648351648352,0.279318733546981,235386,0.114685543646194,0.31864214911704,176279,43,0.0787545787545788,0.269602334108921,176236,0.114488399211348,0.318403629874952,59169,19,0.104395604395604,0.306616570141837,59150,0.11527697656652,0.319356218045919
2414397701,"Procedure occurrence record observed during 365d on or prior to cohort index:  2414397-Office or other outpatient visit for the evaluation and management of an established patient, which requires at least 2 of these 3 key components: An expanded problem focused history; An expanded problem focused examination; Medical decision making of low",701,2414397,-0.00713793397843884,1143303,294,0.403846153846154,0.491004683691989,1143009,0.556900616678531,0.496751889830339,857427,225,0.412087912087912,0.492662155636836,857202,0.556865139816869,0.496755992596797,285876,69,0.379120879120879,0.486506655287471,285807,0.557007047194375,0.496740050187884
2414398701,"Procedure occurrence record observed during 365d on or prior to cohort index:  2414398-Office or other outpatient visit for the evaluation and management of an established patient, which requires at least 2 of these 3 key components: A detailed history; A detailed examination; Medical decision making of moderate complexity. Counseling and/o",701,2414398,0.360726808824239,399526,159,0.218406593406593,0.413448861410767,399367,0.194580907570329,0.395877827538634,299719,123,0.225274725274725,0.418146212063159,299596,0.194626900577197,0.395913338973177,99807,36,0.197802197802198,0.399441052006791,99771,0.194442928639361,0.395771627844393
2514399701,"Procedure occurrence record observed during 365d on or prior to cohort index:  2514399-Office or other outpatient visit for the evaluation and management of an established patient, which requires at least 2 of these 3 key components: A comprehensive history; A comprehensive examination; Medical decision making of high complexity. Counseling",701,2514399,0.567471838086434,35495,40,0.0549450549450549,0.228029649494129,35455,0.0172745020943294,0.130292371007956,26700,33,0.0604395604395604,0.238517956570175,26667,0.0173237144611147,0.130474573911759,8795,7,0.0384615384615385,0.192838197294368,8788,0.0171268650898829,0.129744242218631
2514417701,"Procedure occurrence record observed during 365d on or prior to cohort index:  2514417-Office consultation for a new or established patient, which requires these 3 key components: A detailed history; A detailed examination; and Medical decision making of low complexity. Counseling and/or coordination of care with other physicians, other qua",701,2514417,0.200454896021977,54200,32,0.043956043956044,0.20513828191966,54168,0.0263919117034447,0.160297820382797,40543,21,0.0384615384615385,0.192484040526599,40522,0.026324354347819,0.160098092952244,13657,11,0.0604395604395604,0.238956812427122,13646,0.0265945836386598,0.16089550090486
2514418701,"Procedure occurrence record observed during 365d on or prior to cohort index:  2514418-Office consultation for a new or established patient, which requires these 3 key components: A comprehensive history; A comprehensive examination; and Medical decision making of moderate complexity. Counseling and/or coordination of care with other physic",701,2514418,0.079421510759249,43131,37,0.0508241758241758,0.219789525098897,43094,0.0209964008814844,0.143372110421299,32418,26,0.0476190476190476,0.213154140556834,32392,0.0210428529202545,0.14352722614081,10713,11,0.0604395604395604,0.238956812427122,10702,0.020857044855704,0.142905802317477
2514423701,"Procedure occurrence record observed during 365d on or prior to cohort index:  2514423-Inpatient consultation for a new or established patient, which requires these 3 key components: A comprehensive history; A comprehensive examination; and Medical decision making of moderate complexity. Counseling and/or coordination of care with other phy",701,2514423,0.596349438342977,2377,10,0.0137362637362637,0.11647409026803,2367,0.00115325755062128,0.0339400664243521,1771,9,0.0164835164835165,0.127442365830712,1762,0.00114465012489159,0.0338133205073518,606,1,0.00549450549450549,0.0741249316661101,605,0.00117907981103541,0.0343175156010628
2514434701,"Procedure occurrence record observed during 365d on or prior to cohort index:  2514434-Emergency department visit for the evaluation and management of a patient, which requires these 3 key components: An expanded problem focused history; An expanded problem focused examination; and Medical decision making of low complexity. Counseling and/o",701,2514434,-0.0533590899617034,81309,22,0.0302197802197802,0.171309242948597,81287,0.03960492037066,0.195029200852869,60697,15,0.0274725274725275,0.163605657513672,60682,0.0394209187733664,0.194594281868639,20612,7,0.0384615384615385,0.192838197294368,20605,0.0401569248039414,0.196327332058366
2514435701,"Procedure occurrence record observed during 365d on or prior to cohort index:  2514435-Emergency department visit for the evaluation and management of a patient, which requires these 3 key components: An expanded problem focused history; An expanded problem focused examination; and Medical decision making of moderate complexity. Counseling ",701,2514435,-0.0658766151441466,190489,62,0.0851648351648352,0.279318733546981,190427,0.0927804713105868,0.290124622299929,142556,47,0.0860805860805861,0.280740215721449,142509,0.0925782886766039,0.289840652283756,47933,15,0.0824175824175824,0.275758484526946,47918,0.0933870188185036,0.290974309071612
2514436701,"Procedure occurrence record observed during 365d on or prior to cohort index:  2514436-Emergency department visit for the evaluation and management of a patient, which requires these 3 key components: A detailed history; A detailed examination; and Medical decision making of moderate complexity. Counseling and/or coordination of care with o",701,2514436,0.105568979779026,80834,50,0.0686813186813187,0.253085319423608,80784,0.0393598470508617,0.194449653929321,60698,37,0.0677655677655678,0.251573667299065,60661,0.0394072765187565,0.194561989266938,20136,13,0.0714285714285714,0.258249831621929,20123,0.0392175587396124,0.194112377914515
2514437701,"Procedure occurrence record observed during 365d on or prior to cohort index:  2514437-Emergency department visit for the evaluation and management of a patient, which requires these 3 key components within the constraints imposed by the urgency of the patient's clinical condition and/or mental status: A comprehensive history; A comprehensi",701,2514437,-0.693248764226165,23547,15,0.0206043956043956,0.142153481122456,23532,0.0114653386908407,0.106460744979924,17619,8,0.0146520146520147,0.120265637811203,17611,0.0114406545683688,0.106347418109691,5928,7,0.0384615384615385,0.192838197294368,5921,0.0115393910101498,0.106800073477634
2514519701,"Procedure occurrence record observed during 365d on or prior to cohort index:  2514519-Initial comprehensive preventive medicine evaluation and management of an individual including an age and gender appropriate history, examination, counseling/anticipatory guidance/risk factor reduction interventions, and the ordering of laboratory/diagnos",701,2514519,-0.516594084852556,26696,7,0.00961538461538462,0.097652587951124,26689,0.0130035026483022,0.11328908959121,19990,5,0.00915750915750916,0.0953430547083728,19985,0.0129828789704645,0.113200407016461,6706,2,0.010989010989011,0.104538501142478,6704,0.0130653736416221,0.113554809601345
2514525701,"Procedure occurrence record observed during 365d on or prior to cohort index:  2514525-Periodic comprehensive preventive medicine reevaluation and management of an individual including an age and gender appropriate history, examination, counseling/anticipatory guidance/risk factor reduction interventions, and the ordering of laboratory/diag",701,2514525,-0.0643725011751578,75954,19,0.0260989010989011,0.159539057836653,75935,0.0369973012701424,0.188755180929989,57034,12,0.021978021978022,0.146746137509232,57022,0.0370432686842045,0.188867911786108,18920,7,0.0384615384615385,0.192838197294368,18913,0.0368593991175416,0.18841670043171
2514526701,"Procedure occurrence record observed during 365d on or prior to cohort index:  2514526-Periodic comprehensive preventive medicine reevaluation and management of an individual including an age and gender appropriate history, examination, counseling/anticipatory guidance/risk factor reduction interventions, and the ordering of laboratory/diag",701,2514526,0.0526398709944639,65772,44,0.0604395604395604,0.238463269430497,65728,0.0320242130491067,0.176064414152805,49141,36,0.0659340659340659,0.248394380213777,49105,0.0319001386962552,0.175734287803136,16631,8,0.043956043956044,0.205562852809017,16623,0.0323964358658538,0.177050749506762
2614666901,"Observation record observed during 365d on or prior to cohort index:  2614666-Ground mileage, per statute mile",901,2614666,-0.200400441598064,14863,4,0.00549450549450549,0.0739718335370906,14859,0.00723965101169482,0.0847776029781182,11169,2,0.00366300366300366,0.0604672023113781,11167,0.00725443129663134,0.084863473896097,3694,2,0.010989010989011,0.104538501142478,3692,0.00719531018569045,0.0845195339494636
4004516701,"Procedure occurrence record observed during 365d on or prior to cohort index:  4004516-Pre-surgery evaluation",701,4004516,0.704871808448689,9492,11,0.0151098901098901,0.122073957834097,9481,0.0046193641053825,0.0678087591754243,7152,8,0.0146520146520147,0.120265637811203,7144,0.00464096509206898,0.0679663853386996,2340,3,0.0164835164835165,0.127676850602728,2337,0.00455456118742107,0.0673336913866264
4014295201,"Condition era record observed during anytime on or prior to cohort index:    4014295-Single live birth",201,4014295,0.135754995499933,184438,41,0.0563186813186813,0.230694585626968,184397,0.0898425148128064,0.285956075622802,138390,33,0.0604395604395604,0.238517956570175,138357,0.0898810200508661,0.28601132045239,46048,8,0.043956043956044,0.205562852809017,46040,0.0897269991736697,0.285790524634946
4015724901,"Observation record observed during 365d on or prior to cohort index:  4015724-Vaccination required",901,4015724,-0.0432715204945609,571654,117,0.160714285714286,0.367519714863733,571537,0.278466143096509,0.44824418360951,428892,94,0.172161172161172,0.377866657265654,428798,0.278560547249299,0.448290864638577,142762,23,0.126373626373626,0.333186578505451,142739,0.278182930822121,0.448104428849104
4036803701,"Procedure occurrence record observed during 365d on or prior to cohort index:  4036803-General examination of patient",701,4036803,-0.0304390993258273,30637,4,0.00549450549450549,0.0739718335370906,30633,0.0149251113427046,0.121253286790275,22958,3,0.00549450549450549,0.0739887976087588,22955,0.0149122835510139,0.121201967365782,7679,1,0.00549450549450549,0.0741249316661101,7678,0.0149635946927766,0.12140722487876
4047791201,"Condition era record observed during anytime on or prior to cohort index:    4047791-Abnormal body temperature",201,4047791,-0.444321007300684,230069,36,0.0494505494505494,0.216955868774207,230033,0.112077437322377,0.315461778750144,172634,26,0.0476190476190476,0.213154140556834,172608,0.112131537319687,0.315528319385232,57435,10,0.0549450549450549,0.228501598221492,57425,0.111915137435881,0.315262324342188
4062637701,"Procedure occurrence record observed during 365d on or prior to cohort index:  4062637-Tuberculosis screening",701,4062637,0.345129729678622,14232,8,0.010989010989011,0.104322586623899,14224,0.00693026421632325,0.0829592611310057,10752,8,0.0146520146520147,0.120265637811203,10744,0.00697963731091673,0.0832521860161682,3480,0,0,0,3480,0.00678214502876565,0.0820741169043308
4066820201,"Condition era record observed during anytime on or prior to cohort index:    4066820-Ingestion dermatitis due to food",201,4066820,0.0735580636848636,22728,15,0.0206043956043956,0.142153481122456,22713,0.0110663028083064,0.104612834215299,17025,12,0.021978021978022,0.146746137509232,17013,0.0110521751275713,0.104546791691616,5703,3,0.0164835164835165,0.127676850602728,5700,0.0111086858229782,0.104810802551259
4088016701,"Procedure occurrence record observed during 365d on or prior to cohort index:  4088016-Child examination",701,4088016,-0.326105516112086,1067692,221,0.303571428571429,0.46011587901979,1067471,0.520096743058408,0.499596079375679,801230,165,0.302197802197802,0.459631608843835,801065,0.520396794719798,0.499583959813354,266462,56,0.307692307692308,0.462811673506483,266406,0.519196588659006,0.499631841949333
4194672701,"Procedure occurrence record observed during 365d on or prior to cohort index:  4194672-Specialized medical examination",701,4194672,-0.3694320856614,13883,4,0.00549450549450549,0.0739718335370906,13879,0.00676217217789302,0.0819539411971123,10408,1,0.00183150183150183,0.0427960492510913,10407,0.0067607116059857,0.0819451569456389,3475,3,0.0164835164835165,0.127676850602728,3472,0.00676655389076849,0.0819803679992308
4200326201,"Condition era record observed during anytime on or prior to cohort index:    4200326-Failure to thrive in infant",201,4200326,-0.178048948109496,26562,14,0.0192307692307692,0.137429582973104,26548,0.0129348041630308,0.11299336805724,19972,9,0.0164835164835165,0.127442365830712,19963,0.0129685870846827,0.113138902015424,6590,5,0.0274725274725275,0.163906680137133,6585,0.0128334554639143,0.112555686550535
4229909201,"Condition era record observed during anytime on or prior to cohort index:    4229909-Disorder of the nose",201,4229909,0.183817818940655,49543,19,0.0260989010989011,0.159539057836653,49524,0.024129246699184,0.153450440291252,36979,14,0.0256410256410256,0.158206841969362,36965,0.0240136162693631,0.153091403182616,12564,5,0.0274725274725275,0.163906680137133,12559,0.0244761377632953,0.154522176328799
19069022504,"Drug era record observed during anytime on or prior to cohort index:  19069022-Sodium Fluoride",504,19069022,0.0732011483584671,61993,20,0.0274725274725275,0.163568146185078,61973,0.0301946895583662,0.171122717802729,46490,16,0.0293040293040293,0.168812014937932,46474,0.0301909590829806,0.171112489589439,15503,4,0.021978021978022,0.147016139830467,15499,0.0302058809772525,0.171153565027431
19111620504,"Drug era record observed during anytime on or prior to cohort index:  19111620-Folic Acid",504,19111620,0.456821952455438,21010,11,0.0151098901098901,0.122073957834097,20999,0.010231202072453,0.100630658899198,15737,9,0.0164835164835165,0.127442365830712,15728,0.0102173990716771,0.100563464526705,5273,2,0.010989010989011,0.104538501142478,5271,0.0102726110478804,0.100832060004396
40756910701,"Procedure occurrence record observed during 365d on or prior to cohort index:  40756910-Computed tomography, abdomen and pelvis; with contrast material(s)",701,40756910,0.133451150135372,983,6,0.00824175824175824,0.0904714037560604,977,0.000476017163902405,0.0218126294466862,744,6,0.010989010989011,0.10434651107935,738,0.000479427804863789,0.0218905976425004,239,0,0,0,239,0.000465785247665227,0.0215770526048506
40756920701,"Procedure occurrence record observed during 365d on or prior to cohort index:  40756920-Immunization administration through 18 years of age via any route of administration, with counseling by physician or other qualified health care professional; each additional vaccine or toxoid component administered (List separately in addition to code fo",701,40756920,-0.0321629450950244,72607,10,0.0137362637362637,0.11647409026803,72597,0.0353709498954175,0.18471562582225,54430,7,0.0128205128205128,0.112602706717483,54423,0.0353548772684308,0.184675206991605,18177,3,0.0164835164835165,0.127676850602728,18174,0.0354191677450537,0.18483700085387
