"analysisId","Eval","predictionThreshold","preferenceThreshold","positiveCount","negativeCount","trueCount","falseCount","truePositiveCount","trueNegativeCount","falsePositiveCount","falseNegativeCount","f1Score","accuracy","sensitivity","falseNegativeRate","falsePositiveRate","specificity","positivePredictiveValue","falseDiscoveryRate","negativePredictiveValue","falseOmissionRate","positiveLikelihoodRatio","negativeLikelihoodRatio","diagnosticOddsRatio"
"20170223141334","train",8.89558634562733e-07,0.00250165634771114,1539881,0,546,1539335,546,0,1539335,0,0.000708894352020576,0.00035457285335685,1,0,1,0,0.00035457285335685,0.999645427146643,NA,NA,1,NA,NA
"20170223141334","train",1.16615901617267e-05,0.0318313002014851,1524483,15398,546,1539335,546,15398,1523937,0,0.000716051957044751,0.0103540468386843,1,0,0.989996979215051,0.0100030207849493,0.00035815420703281,0.999641845792967,1,0,1.01010409222953,0,Inf
"20170223141334","train",1.55420555465866e-05,0.0419788748182187,1509084,30797,546,1539335,546,30797,1508538,0,0.00072335605413247,0.020354170224842,1,0,0.979993308798929,0.0200066912010706,0.000361808885390078,0.99963819111461,1,0,1.02041513041103,0,Inf
"20170223141334","train",1.86334326846599e-05,0.0499120352484387,1493685,46196,546,1539335,546,46196,1493139,0,0.000730810697944294,0.0303542936109998,1,0,0.969989638382808,0.0300103616171918,0.000365538918848352,0.999634461081152,1,0,1.03093884762236,0,Inf
"20170223141334","train",2.13675026563487e-05,0.0568196176530874,1478286,61595,546,1539335,546,61595,1477740,0,0.000738420591385634,0.0403544169971576,1,0,0.959985967966687,0.0400140320333131,0.000369346662283212,0.999630653337717,1,0,1.04168189261981,0,Inf
"20170223141334","train",2.39171479800341e-05,0.0631713888289161,1462887,76994,546,1539335,545,76993,1462342,1,0.000744823985792312,0.0503532415816547,0.998168498168498,0.00183150183150183,0.949982947181738,0.0500170528182624,0.000372550989926084,0.999627449010074,0.999987011974959,1.29880250409123e-05,1.05072254310428,0.0366175479822175,28.6945085349392
"20170223141334","train",2.63096276313776e-05,0.0690543373247071,1447489,92392,546,1539335,543,92389,1446946,3,0.000749981871985139,0.0603501179636608,0.994505494505495,0.00549450549450549,0.939981225659132,0.060018774340868,0.000375132384425719,0.999624867615574,0.999967529656247,3.24703437527059e-05,1.05800569985654,0.0915464461719968,11.5570373738896
"20170223141334","train",2.86445455082122e-05,0.0747249652930645,1432090,107791,546,1539335,542,107787,1431548,4,0.000756647187422346,0.0703489425481579,0.992673992673993,0.00732600732600733,0.929978204874183,0.0700217951258173,0.000378467833725534,0.999621532166274,0.999962891150467,3.71088495328924e-05,1.0674164055364,0.10462467168749,10.2023393557184
"20170223141334","train",3.0855672461336e-05,0.0800316556697536,1416691,123190,546,1539335,542,123186,1416149,4,0.000764868543511071,0.0803490659343157,0.992673992673993,0.00732600732600733,0.919974534458061,0.0800254655419386,0.00038258166389142,0.999617418336109,0.999967529831967,3.24701680331196e-05,1.07902333759571,0.0915459507344949,11.7866855818138
"20170223141334","train",3.30323538778064e-05,0.0851965778430478,1401292,138589,546,1539335,542,138585,1400750,4,0.000773270520559437,0.0903491893204735,0.992673992673993,0.00732600732600733,0.90997086404194,0.0900291359580598,0.000386785909003976,0.999613214090996,0.99997113768048,2.88623195203082e-05,1.09088546886512,0.0813737380465381,13.4058665000892
"20170223141334","train",3.52209413714636e-05,0.0903316308550745,1385893,153988,546,1539335,542,153984,1385351,4,0.000781859136968882,0.100349312706631,0.992673992673993,0.00732600732600733,0.899967193625819,0.100032806374181,0.000391083582931727,0.999608916417068,0.999974023949918,2.59760500818246e-05,1.10301130941748,0.0732360471684038,15.0610437354865
"20170223141334","train",3.73758447214395e-05,0.0953316574405435,1370495,169386,546,1539335,541,169381,1369954,5,0.00078918135927372,0.110347487890298,0.990842490842491,0.00915750915750916,0.889964822472041,0.110035177527959,0.000394747883064148,0.999605252116936,0.999970481621858,2.95183781422314e-05,1.11335017499933,0.0832234687419153,13.3778391099263
"20170223141334","train",3.94830401775294e-05,0.100168138179238,1355096,184785,546,1539335,541,184780,1354555,5,0.000798145823159802,0.120347611276456,0.990842490842491,0.00915750915750916,0.87996115205592,0.12003884794408,0.00039923370742737,0.999600766292573,0.999972941526639,2.7058473360933e-05,1.12600708398037,0.0762878794186295,14.759973570656
"20170223141334","train",4.16038599088926e-05,0.104983973767043,1339697,200184,546,1539335,540,200178,1339157,6,0.000805824018480231,0.130346435860953,0.989010989010989,0.010989010989011,0.869958131270971,0.130041868729029,0.000403076217980633,0.999596923782019,0.999970027574631,2.99724253686608e-05,1.13684895107088,0.0845036379161008,13.4532545474504
"20170223141334","train",4.36990243333098e-05,0.109691222281451,1324298,215583,546,1539335,538,215575,1323760,8,0.000812171093351368,0.140343961643789,0.985347985347985,0.0146520146520147,0.859955760117193,0.140044239882807,0.000406252973273387,0.999593747026727,0.9999628913226,3.71086774003516e-05,1.14581241390104,0.104624186359081,10.951697248746
"20170223141334","train",4.57581667166872e-05,0.114269561377612,1308899,230982,546,1539335,538,230974,1308361,8,0.00082172218000756,0.150344085029947,0.985347985347985,0.0146520146520147,0.849952089701072,0.150047910298928,0.000411032478441805,0.999588967521558,0.999965365266558,3.46347334424327e-05,1.15929826785241,0.0976489084241472,11.8721067809267
"20170223141334","train",4.78869784859103e-05,0.118953581952209,1293501,246380,546,1539335,536,246370,1292965,10,0.0008284088599564,0.160340961411953,0.981684981684982,0.0183150183150183,0.839950368178467,0.160049631821533,0.000414379269903927,0.999585620730096,0.999959412289959,4.05877100413995e-05,1.16874165293109,0.114433367365948,10.2132942500377
"20170223141334","train",4.99655125675087e-05,0.123479441226487,1278102,261779,546,1539335,536,261769,1277566,10,0.000838385544731623,0.170341084798111,0.981684981684982,0.0183150183150183,0.829946697762345,0.170053302237655,0.000419371849821063,0.999580628150179,0.999961799838795,3.82001612046803e-05,1.18282895074075,0.107701632805828,10.9824607104447
"20170223141334","train",5.20885048171602e-05,0.12805437427633,1262703,277178,546,1539335,536,277168,1262167,10,0.000848605460997792,0.180341208184269,0.981684981684982,0.0183150183150183,0.819943027346224,0.180056972653776,0.000424486201426622,0.999575513798573,0.9999639221006,3.60778994003853e-05,1.19725999117553,0.101717906533037,11.7703955181842
"20170223141334","train",5.42116508244721e-05,0.132582143581605,1247304,292577,546,1539335,536,292567,1246768,10,0.000859077613495212,0.190341331570427,0.981684981684982,0.0183150183150183,0.809939356930103,0.190060643069897,0.000429726834837377,0.999570273165163,0.99996582096337,3.41790366296736e-05,1.21204751107026,0.0963640763242222,12.5777941044364
"20170223141334","train",5.63246395161336e-05,0.137041824495908,1231905,307976,546,1539335,535,307965,1231370,11,0.000868188674438172,0.200340156154924,0.97985347985348,0.0201465201465201,0.799936336145154,0.200063663854846,0.000434286734772568,0.999565713265227,0.999964282931137,3.57170688625088e-05,1.22491432827684,0.100700545807944,12.1639293853779
"20170223141334","train",5.85549131553286e-05,0.141699589925331,1216507,323374,546,1539335,533,323361,1215974,13,0.000875886259678091,0.21033703253693,0.976190476190476,0.0238095238095238,0.789934614622548,0.210065385377452,0.000438139690112757,0.999561860309887,0.999959798870658,4.02011293424951e-05,1.23578642854754,0.113343394328114,10.9030299989967
"20170223141334","train",6.07935338045317e-05,0.1463245178521,1201108,338773,546,1539335,532,338759,1200576,14,0.000885446226617645,0.220335857121427,0.974358974358974,0.0256410256410256,0.779931593837599,0.220068406162401,0.000442924366501597,0.999557075633498,0.999958674392587,4.13256074126332e-05,1.24928773504957,0.116513888059441,10.7222216669332
"20170223141334","train",6.3039819433233e-05,0.150915472443558,1185709,354172,546,1539335,532,354158,1185177,14,0.000896940371168088,0.230335980507585,0.974358974358974,0.0256410256410256,0.769927923421477,0.230072076578523,0.000448676698920224,0.99955132330108,0.999960471183493,3.95288165072338e-05,1.26551972557253,0.111447795066406,11.3552692973286
"20170223141334","train",6.5319829767976e-05,0.155525151729658,1170310,369571,546,1539335,529,369554,1169781,17,0.000903612399816886,0.24033220748876,0.968864468864469,0.0311355311355311,0.759926201898872,0.240073798101128,0.000452016986952175,0.999547983013048,0.999954000719753,4.59992802465561e-05,1.27494547028844,0.129691500621054,9.83060157514652
"20170223141334","train",6.76318559893158e-05,0.160148749980772,1154911,384970,546,1539335,529,384953,1154382,17,0.000915655017884699,0.250332330874918,0.968864468864469,0.0311355311355311,0.749922531482751,0.250077468517249,0.000458043953170417,0.99954195604683,0.999955840714861,4.41592851391018e-05,1.29195273937006,0.124503544122303,10.3768350409442
"20170223141334","train",7.00087987134356e-05,0.164849704063759,1139513,400368,546,1539335,526,400348,1138987,20,0.000922759260704928,0.260327908455264,0.963369963369963,0.0366300366300366,0.739921459591317,0.260078540408683,0.000461600701352244,0.999538399298648,0.999950045957719,4.99540422811014e-05,1.30198948940076,0.14084221086629,9.24431306064073
"20170223141334","train",7.23873078201579e-05,0.169501393494387,1124114,415767,546,1539335,523,415744,1123591,23,0.000930058862233919,0.27032413543644,0.957875457875458,0.0421245421245421,0.729919738068711,0.270080261931289,0.000465255303287745,0.999534744696712,0.999944680554253,5.53194457472575e-05,1.31230244630717,0.155970457905062,8.41378850798757
"20170223141334","train",7.48358897154188e-05,0.174236325624247,1108715,431166,546,1539335,521,431141,1108194,25,0.000939364135221557,0.280321661219276,0.954212454212454,0.0457875457875458,0.719917366914934,0.280082633085066,0.000469913368178477,0.999530086631822,0.999942017691562,5.79823084380494e-05,1.32544719444892,0.163478703706843,8.10776672676445
"20170223141334","train",7.7330901690454e-05,0.179005849863808,1093316,446565,546,1539335,519,446538,1092797,27,0.000948931400853124,0.290319187002113,0.950549450549451,0.0494505494505494,0.709914995761157,0.290085004238843,0.000474702647724903,0.999525297352275,0.999939538477041,6.04615229585839e-05,1.3389623493307,0.170469168443585,7.85457195313189
"20170223141334","train",7.98540001443507e-05,0.183773383670264,1077917,461964,546,1539335,518,461936,1077399,28,0.000960626372902918,0.30031801158661,0.948717948717949,0.0512820512820513,0.699911974976207,0.300088025023793,0.000480556480693783,0.999519443519306,0.999939389216476,6.06107835242573e-05,1.35548180719468,0.170890028943958,7.93189524029631
"20170223141334","train",8.24060965616396e-05,0.188539735115324,1062519,477362,546,1539335,518,477334,1062001,28,0.000974540597235353,0.310317485571937,0.948717948717949,0.0512820512820513,0.689908954191258,0.310091045808742,0.000487520693747594,0.999512479306252,0.999941344304741,5.8655695258525e-05,1.37513499854496,0.165377401170368,8.31513247162667
"20170223141334","train",8.51033787535246e-05,0.193517129390127,1047120,492761,546,1539335,517,492732,1046603,29,0.000986955766437013,0.320316310156434,0.946886446886447,0.0531135531135531,0.679905933406309,0.320094066593691,0.000493735197494079,0.999506264802506,0.999941147939874,5.88520601265116e-05,1.39267272186106,0.16593107669494,8.39307952193578
"20170223141334","train",8.77958848460112e-05,0.198425207742494,1031721,508160,546,1539335,516,508130,1031205,30,0.000999741345988974,0.330315134740931,0.945054945054945,0.0549450549450549,0.669902912621359,0.330097087378641,0.000500135210972734,0.999499864789027,0.999940963476071,5.9036523929471e-05,1.41073419334289,0.166451195862961,8.47536231884058
"20170223141334","train",9.04375821311219e-05,0.203182979608982,1016322,523559,546,1539335,516,523529,1015806,30,0.0010148809875028,0.340315258127089,0.945054945054945,0.0549450549450549,0.659899242205238,0.340100757794762,0.000507713106672885,0.999492286893327,0.999942699867637,5.73001323633058e-05,1.43212006411279,0.161555226460895,8.86458516685273
"20170223141334","train",9.3230942328808e-05,0.208152873985984,1000923,538958,546,1539335,515,538927,1000408,31,0.00102848914943947,0.350314082711586,0.943223443223443,0.0567765567765568,0.649896221420289,0.350103778579711,0.000514525093338848,0.999485474906661,0.99994248160339,5.75183966097544e-05,1.45134471033254,0.162170648391417,8.94949070456673
"20170223141334","train",9.5881189552885e-05,0.212811193555622,985525,554356,546,1539335,514,554324,985011,32,0.00104252127889371,0.360312257895253,0.941391941391941,0.0586080586080586,0.639893850266511,0.360106149733489,0.000521549427969864,0.99947845057203,0.999942275360959,5.77246390406165e-05,1.47116891496903,0.162752173633896,9.03931961165916
"20170223141334","train",9.87076651684104e-05,0.217719275406559,970126,569755,546,1539335,514,569723,969612,32,0.00105906011505431,0.370312381281411,0.941391941391941,0.0586080586080586,0.62989017985039,0.37010982014961,0.000529828084187003,0.999470171915813,0.999943835508245,5.61644917552281e-05,1.49453344647402,0.158353157407084,9.43797693046291
"20170223141334","train",0.000101447644514895,0.22241911382636,954727,585154,546,1539335,512,585120,954215,34,0.00107194487858445,0.380309907064247,0.937728937728938,0.0622710622710623,0.619887808696613,0.380112191303388,0.000536278957230706,0.999463721042769,0.99994189563773,5.8104362270445e-05,1.51273976447548,0.163822849400167,9.23399739422396
"20170223141334","train",0.000104231043619363,0.227135984596621,939322,600559,546,1539335,510,600523,938812,36,0.00108525878102031,0.390311329252066,0.934065934065934,0.0659340659340659,0.609881539755804,0.390118460244196,0.000542944804869896,0.99945705519513,0.999940055847968,5.99441520316905e-05,1.53155305281077,0.169010371600447,9.06188796763001
"20170223141334","train",0.000107099721582252,0.231937889021486,923929,615952,546,1539335,510,615916,923419,36,0.00110332891641202,0.400307556233241,0.934065934065934,0.0659340659340659,0.599881767126714,0.400118232873286,0.000551990466799938,0.9994480095332,0.999941553887316,5.84461126841053e-05,1.55708338751464,0.164786456894472,9.44909804397209
"20170223141334","train",0.000109817356054873,0.236432267725281,908531,631350,546,1539335,509,631313,908022,37,0.00111981713320214,0.410305731416908,0.932234432234432,0.0677655677655678,0.589879395972936,0.410120604027064,0.000560245054929331,0.999439754945071,0.999941395422507,5.86045774926744e-05,1.58038141118122,0.165233268214674,9.56454731094443
"20170223141334","train",0.000112606332912391,0.240990294908918,893132,646749,546,1539335,508,646711,892624,38,0.00113687480278131,0.420304556001405,0.93040293040293,0.0695970695970696,0.579876375187987,0.420123624812013,0.000568784905254766,0.999431215094745,0.999941244594116,5.875540588389e-05,1.60448497337266,0.165658547833894,9.68549461740713
"20170223141334","train",0.000115509666283178,0.245677788720043,877590,662291,546,1539335,507,662252,877083,39,0.00115471863128263,0.430396244904639,0.928571428571429,0.0714285714285714,0.569780457145456,0.430219542854544,0.000577718524595768,0.999422281475404,0.999941113498447,5.88865015529427e-05,1.62970038183387,0.166028188665342,9.81580534567424
"20170223141334","train",0.00011821557408894,0.249994730770041,862325,677556,546,1539335,506,677516,861819,40,0.00117282884695395,0.440308049777872,0.926739926739927,0.0732600732600733,0.559864486937541,0.440135513062459,0.000586785724639782,0.99941321427536,0.999940964289299,5.90357107014033e-05,1.65529328679016,0.166448902862508,9.94475336468562
"20170223141334","train",0.000121577072789756,0.255289286357876,846806,693075,546,1539335,504,693033,846302,42,0.00118958827028201,0.450383503660348,0.923076923076923,0.0769230769230769,0.549784160043135,0.450215839956864,0.00059517764399402,0.999404822356006,0.999939400497782,6.05995022183746e-05,1.67898057121998,0.170858219760653,9.8267474258598
"20170223141334","train",0.000124413157462496,0.259698516366157,831041,708840,546,1539335,502,708796,830539,44,0.00120733008091757,0.460618710147083,0.919413919413919,0.0805860805860806,0.539544023880442,0.460455976119558,0.000604061652794507,0.999395938347206,0.999937926753569,6.20732464307883e-05,1.70405727562586,0.175013649003344,9.73671073844816
"20170223141334","train",0.000127728786414209,0.264787574283009,816138,723743,546,1539335,500,723697,815638,46,0.00122446380729878,0.470294133118079,0.915750915750916,0.0842490842490843,0.529863869787928,0.470136130212072,0.000612641489552012,0.999387358510448,0.999936441526896,6.35584731044031e-05,1.72827582321745,0.17920146705398,9.64431737992888
"20170223141334","train",0.000131179445499171,0.27001014904889,800565,739316,546,1539335,498,739268,800067,48,0.00124327340406011,0.480404654645391,0.912087912087912,0.0879120879120879,0.519748462810239,0.48025153718976,0.000622060669652058,0.999377939330348,0.999935075123493,6.49248765074745e-05,1.75486408782495,0.183054256164414,9.58657899900883
"20170223141334","train",0.000134453842339338,0.274897834052938,785340,754541,546,1539335,497,754492,784843,49,0.00126481448963336,0.490290483485412,0.91025641025641,0.0897435897435897,0.509858477849201,0.490141522150799,0.000632846919805435,0.999367153080195,0.999935059857582,6.49401424177083e-05,1.78531190477847,0.183097300856667,9.75061836753156
"20170223141334","train",0.000138920149351153,0.281460160971127,769941,769940,546,1539335,496,769890,769445,50,0.00128749738801563,0.500289308069909,0.908424908424908,0.0915750915750916,0.499855457064252,0.500144542935748,0.000644205205333915,0.999355794794666,0.999935059874795,6.49401252045614e-05,1.81737519434171,0.183097252321427,9.92573712221147
"20170223141334","train",0.000143015756210554,0.287374327257486,754543,785338,546,1539335,494,785286,754049,52,0.00130845502980443,0.510286184451915,0.904761904761905,0.0952380952380952,0.489853735541646,0.510146264458354,0.00065470092493072,0.999345299075069,0.999933786471558,6.62135284425305e-05,1.84700419557173,0.186687822440911,9.89354405350315
"20170223141334","train",0.00014740568882856,0.293606402831364,739144,800737,546,1539335,490,800681,738654,56,0.0013248793413457,0.520281112631431,0.897435897435897,0.102564102564103,0.479852663650213,0.520147336349787,0.000662929009773468,0.999337070990227,0.999930064428146,6.99355718544291e-05,1.87023218879135,0.197182789176355,9.48476384071568
"20170223141334","train",0.000151658086088299,0.299540220260157,723745,816136,546,1539335,487,816077,723258,59,0.0013447633616875,0.530277339612606,0.891941391941392,0.108058608058608,0.469850942127607,0.530149057872393,0.000672888931875177,0.999327111068125,0.999927708127077,7.22918729231403e-05,1.89834969342075,0.203826841628789,9.31354123063945
"20170223141334","train",0.000157304459179581,0.307266908705958,708346,831535,546,1539335,483,831472,707863,63,0.00136268994430745,0.540272267792122,0.884615384615385,0.115384615384615,0.459849870236173,0.540150129763827,0.000681870159498324,0.999318129840502,0.999924236502372,7.5763497627881e-05,1.92370476077563,0.213615824613549,9.0054412600555
"20170223141334","train",0.000162701708100466,0.314495080194175,692902,846979,546,1539335,479,846912,692423,67,0.00138150229000588,0.550296419009001,0.877289377289377,0.122710622710623,0.449819564942004,0.550180435057996,0.000691295450150238,0.99930870454985,0.999920895323261,7.91046767393288e-05,1.95031396067107,0.223037052740139,8.74434958994632
"20170223141334","train",0.000167955746631077,0.321388098272785,677449,862432,546,1539335,477,862363,676972,69,0.00140709002278778,0.560329012436675,0.873626373626374,0.126373626373626,0.439782113704944,0.560217886295056,0.000704112043858652,0.999295887956141,0.999919993692256,8.0006307743683e-05,1.9864981917216,0.225579420909578,8.80620308231873
"20170223141334","train",0.000173442035125933,0.328439477193496,662150,877731,546,1539335,477,877662,661673,69,0.00143957410335961,0.570264195739801,0.873626373626374,0.126373626373626,0.429843406406013,0.570156593593987,0.000720380578418787,0.999279619421581,0.999921388215752,7.86117842482492e-05,2.03242939313854,0.221647224277508,9.16965867613971
"20170223141334","train",0.000179648472027553,0.336241930478736,646739,893142,546,1539335,475,893071,646264,71,0.00146766880122357,0.580269514332601,0.86996336996337,0.13003663003663,0.419833239678173,0.580166760321827,0.000734453929637767,0.999265546070362,0.999920505361969,7.94946380306827e-05,2.0721641064682,0.224136642996398,9.24509298776953
"20170223141334","train",0.000184327302702356,0.342005190296972,631352,908529,546,1539335,473,908456,630879,73,0.00149707705990524,0.590259247305474,0.866300366300366,0.133699633699634,0.409838664098458,0.590161335901542,0.000749185874124102,0.999250814125876,0.999919650335873,8.03496641273971e-05,2.11375949169171,0.226547599048304,9.33031071868046
"20170223141334","train",0.000192107425248249,0.351370233411109,615953,923928,546,1539335,468,923850,615485,78,0.00151825063787614,0.600252876683328,0.857142857142857,0.142857142857143,0.399838241838196,0.600161758161804,0.000759798231358561,0.999240201768641,0.999915577837234,8.44221627659298e-05,2.14372405501353,0.238031065649185,9.00606838509468
"20170223141334","train",0.000200939067336316,0.361683251783187,600555,939326,546,1539335,466,939246,600089,80,0.00155048818750925,0.610249753065334,0.853479853479853,0.146520146520147,0.389836520315591,0.610163479684409,0.000775948913921289,0.999224051086079,0.999914832550148,8.51674498523409e-05,2.18932760016666,0.240132606094239,9.11716087113745
"20170223141334","train",0.000207047803228056,0.3686269578638,585156,954725,546,1539335,465,954644,584691,81,0.00158783818392288,0.620248577649831,0.851648351648352,0.148351648351648,0.379833499530641,0.620166500469359,0.000794659885568977,0.999205340114431,0.999915158815366,8.48411846343188e-05,2.24216229663979,0.239212611837905,9.37309399957192
"20170223141334","train",0.000221420541663485,0.384383552918091,569757,970124,546,1539335,463,970041,569294,83,0.00162369827968641,0.630246103432668,0.847985347985348,0.152014652014652,0.369831128376864,0.630168871623136,0.000812627137534071,0.999187372862466,0.999914443926756,8.55560732442451e-05,2.29289879331422,0.24122843710624,9.50509326686222
"20170223141334","train",0.00023777608135499,0.40138411503767,554341,985540,546,1539335,459,985453,553882,87,0.00165439089400184,0.640252071426298,0.840659340659341,0.159340659340659,0.359819012755508,0.640180987244492,0.000828010195890255,0.99917198980411,0.99991172352213,8.82764778700002e-05,2.3363394119214,0.248899393320791,9.38668182654117
"20170223141334","train",0.000257320347994922,0.42050776487239,538959,1000922,546,1539335,456,1000832,538503,90,0.00169043845747491,0.650237258593359,0.835164835164835,0.164835164835165,0.349828334962825,0.650171665037175,0.000846075489972336,0.999153924510028,0.999910082903563,8.9917096437085e-05,2.38735617357464,0.253525605158047,9.41662745301945
"20170223141334","train",0.000278466228264026,0.439869136230132,523561,1016320,546,1539335,455,1016229,523106,91,0.00173628667428598,0.660235433777026,0.833333333333333,0.166666666666667,0.339825963809047,0.660174036190953,0.000869048687736482,0.999130951312263,0.99991046127204,8.95387279596977e-05,2.45223562082382,0.252458681393006,9.71341372494294
"20170223141334","train",0.000302615402986123,0.460456975904862,508143,1031738,546,1539335,453,1031645,507690,93,0.00178104893166552,0.670245298175638,0.82967032967033,0.17032967032967,0.329811249663004,0.670188750336996,0.00089148133497854,0.999108518665021,0.999909860836763,9.01391632371784e-05,2.5155913587486,0.254151789692116,9.8979879771692
"20170223141334","train",0.000330742279493853,0.482607466721209,492763,1047118,546,1539335,448,1047020,492315,98,0.00181630580427278,0.680226588937717,0.82051282051282,0.179487179487179,0.319823170395008,0.680176829604992,0.000909159169824033,0.999090840830176,0.999906409783807,9.35902161933994e-05,2.5655202513921,0.263883113441861,9.722184257756
"20170223141334","train",0.000357931792857979,0.502357975171685,477362,1062519,546,1539335,447,1062420,476915,99,0.00187065292901563,0.690226712323874,0.818681318681319,0.181318681318681,0.309818850347715,0.690181149652285,0.000936396277877167,0.999063603722123,0.999906825195596,9.31748044034977e-05,2.64245160603526,0.262711726348988,10.0583694635884
"20170223141334","train",0.00038398048173976,0.519916283169715,461877,1078004,546,1539335,445,1077903,461432,101,0.00192464475166676,0.700280086578119,0.815018315018315,0.184981684981685,0.299760610913154,0.700239389086846,0.000963459968779567,0.99903654003122,0.999906308325387,9.36916746134523e-05,2.7188972978656,0.264169208223079,10.2922566795507
"20170223141334","train",0.000407626062924194,0.534815936273003,446520,1093361,546,1539335,435,1093250,446085,111,0.00194602139281448,0.710239947112796,0.796703296703297,0.203296703296703,0.289790721317972,0.710209278682028,0.00097420048374093,0.999025799516259,0.999898478178753,0.000101521821246597,2.74923673566869,0.286249010536685,9.60435367274871
"20170223141334","train",0.000429306642812696,0.547687703271874,431168,1108713,546,1539335,429,1108596,430739,117,0.00198742686130169,0.720201755849965,0.785714285714286,0.214285714285714,0.279821481353961,0.720178518646039,0.000994971797535995,0.999005028202464,0.999894472239434,0.000105527760565629,2.8079126803006,0.297545273481052,9.4369258414028
"20170223141334","train",0.000449055820922907,0.558808517702157,415769,1124112,546,1539335,423,1123989,415346,123,0.00203211510514875,0.730194086426159,0.774725274725275,0.225274725274725,0.269821708724871,0.730178291275129,0.00101739186904267,0.998982608130957,0.999890580298049,0.000109419701951407,2.87124886424627,0.308520162769181,9.30651934860539
"20170223141334","train",0.000468887889410682,0.569439384703393,399857,1140024,546,1539335,413,1139891,399444,133,0.00206292160648147,0.740514364421666,0.756410256410256,0.243589743589744,0.259491273829283,0.740508726170717,0.00103286925075715,0.998967130749243,0.999883335789422,0.000116664210578023,2.91497376866665,0.328949187201862,8.86147126084204
"20170223141334","train",0.000489612608705343,0.580015189218482,383673,1156208,546,1539335,410,1156072,383263,136,0.00213419950601089,0.751020371054646,0.750915750915751,0.249084249084249,0.248979591836735,0.751020408163265,0.00106861832862881,0.998931381671371,0.999882374105697,0.000117625894302755,3.01597309794031,0.331661092530658,9.09353905496625
"20170223141334","train",0.00050869140395857,0.58930230718311,369564,1170317,546,1539335,405,1170176,369159,141,0.00218853854259544,0.760176273361383,0.741758241758242,0.258241758241758,0.239817193788227,0.760182806211773,0.00109588596291847,0.998904114037082,0.999879519822407,0.000120480177592909,3.09301526734259,0.339710075170809,9.1048676309862
"20170223141334","train",0.000523797818659127,0.596369655496974,353972,1185909,546,1539335,402,1185765,353570,144,0.00226786792208012,0.770297834702811,0.736263736263736,0.263736263736264,0.229690093449444,0.770309906550556,0.00113568304837671,0.998864316951623,0.999878574157039,0.000121425842960969,3.20546578742976,0.342376829758394,9.36239111067115
"20170223141334","train",0.000550709382607693,0.608375692168314,338775,1201106,546,1539335,394,1200954,338381,152,0.00232228479817046,0.780156388707959,0.721611721611722,0.278388278388278,0.219822845579422,0.780177154420578,0.00116301379971958,0.99883698620028,0.999873449970277,0.000126550029722606,3.28269666289531,0.356827006290683,9.19968669697922
"20170223141334","train",0.000572701028597961,0.617669524278049,323339,1216542,546,1539335,384,1216380,322955,162,0.00237121200426077,0.790167551908232,0.703296703296703,0.296703296703297,0.20980163512166,0.79019836487834,0.00118760805223001,0.99881239194777,0.999866835670285,0.00013316432971488,3.352198389154,0.375479512348747,8.92777975603756
"20170223141334","train",0.000589659442485898,0.62454072196097,307025,1232856,546,1539335,376,1232686,306649,170,0.00244496392702823,0.800751486640851,0.688644688644689,0.311355311355311,0.199208749232623,0.800791250767377,0.00122465597264066,0.998775344027359,0.999862108794539,0.000137891205461141,3.45689981638574,0.388809581844142,8.89098411615656
"20170223141334","train",0.000606867171860308,0.631265234322253,292571,1247310,546,1539335,369,1247133,292202,177,0.00251776594329227,0.810128834630728,0.675824175824176,0.324175824175824,0.189823527692153,0.810176472307847,0.00126123231625828,0.998738767683742,0.999858094619621,0.000141905380378575,3.56027613668732,0.400129891765908,8.89780096401851
"20170223141334","train",0.00062680602787622,0.638762173515667,277099,1262782,546,1539335,361,1262597,276738,185,0.00260044301175962,0.820165973864214,0.661172161172161,0.338827838827839,0.179777631249858,0.820222368750142,0.00130278348171592,0.998697216518284,0.999853498070134,0.000146501929865963,3.67772206461689,0.413092658450837,8.90289863395038
"20170223141334","train",0.000642717717383667,0.644529899458219,261781,1278100,546,1539335,355,1277909,261426,191,0.00270654564722655,0.830105702973152,0.65018315018315,0.34981684981685,0.169830478745692,0.830169521254308,0.00135609536215386,0.998643904637846,0.999850559424145,0.000149440575854784,3.82842440877028,0.421380020418371,9.08544359784594
"20170223141334","train",0.000659833046308128,0.65053198440271,246328,1293553,546,1539335,346,1293353,245982,200,0.00280304932880741,0.840129204789201,0.633699633699634,0.366300366300366,0.159797574926835,0.840202425073165,0.00140463122340944,0.998595368776591,0.999845387085029,0.0001546129149714,3.96563986649847,0.435966804390583,9.09619683554081
"20170223141334","train",0.000679465121960569,0.657172047763487,230983,1308898,546,1539335,338,1308690,230645,208,0.00291972063974707,0.850083870117236,0.619047619047619,0.380952380952381,0.149834181643372,0.850165818356628,0.00146331115276882,0.998536688847231,0.999841087693617,0.000158912306382927,4.13155137404525,0.448091857761069,9.22032235686878
"20170223141334","train",0.000704227137829848,0.665196111232315,215577,1324304,546,1539335,328,1324086,215249,218,0.00303530859741906,0.8600755512926,0.600732600732601,0.399267399267399,0.139832460120766,0.860167539879234,0.00152149811900156,0.998478501880998,0.999835385228769,0.000164614771230775,4.29608833466691,0.464173990247825,9.25534050792722
"20170223141334","train",0.000721269539858085,0.670504113555766,200182,1339699,546,1539335,319,1339472,199863,227,0.00317843051293292,0.87006138786049,0.584249084249084,0.415750915750916,0.12983723490988,0.87016276509012,0.00159354986961865,0.998406450130381,0.999830558953914,0.000169441046085725,4.49985772305311,0.477785228730004,9.41815998584581
"20170223141334","train",0.000745013951689708,0.677625260511789,184787,1355094,546,1539335,300,1354848,184487,246,0.0032374158946329,0.880034236411775,0.549450549450549,0.450549450549451,0.119848506010712,0.880151493989288,0.00162349082998263,0.998376509170017,0.999818462778228,0.000181537221772069,4.58454233381464,0.511899887265242,8.95593542383249
"20170223141334","train",0.000786221238794525,0.68928019219939,169368,1370513,546,1539335,294,1370261,169074,252,0.00346057417281684,0.890039555004575,0.538461538461538,0.461538461538462,0.109835740758185,0.890164259241815,0.00173586509848378,0.998264134901516,0.999816127245783,0.000183872754216852,4.90242551964047,0.518486848631252,9.45525529255434
"20170223141334","train",0.000817062228239349,0.69746686196795,153948,1385933,546,1539335,288,1385675,153660,258,0.00372830012816032,0.900045522998206,0.527472527472527,0.472527472527473,0.0998223258744848,0.900177674125515,0.00187076155585003,0.99812923844415,0.999813843814961,0.000186156185039248,5.28411377767098,0.524926896222474,10.0663803201874
"20170223141334","train",0.00086517577645058,0.709411953423542,138589,1401292,546,1539335,278,1401024,138311,268,0.00399611887734934,0.910006682334544,0.509157509157509,0.490842490842491,0.0898511370169586,0.910148862983041,0.00200593120666142,0.997994068793339,0.999808747926913,0.000191252073086837,5.66667853141814,0.539299130950666,10.5074868587847
"20170223141334","train",0.000916118325881993,0.721073667524982,123191,1416690,546,1539335,264,1416408,122927,282,0.00426711492924509,0.919987973096622,0.483516483516484,0.516483516483517,0.0798572110684159,0.920142788931584,0.0021430136941822,0.997856986305818,0.999800944455033,0.000199055544967495,6.05476295812837,0.561308008600738,10.7868814721209
"20170223141334","train",0.000961364605674336,0.730674441104745,107793,1432088,546,1539335,254,1431796,107539,292,0.00468898549922004,0.929974459065343,0.465201465201465,0.534798534798535,0.0698606865951856,0.930139313404814,0.00235636822428173,0.997643631775718,0.999796101915525,0.000203898084475256,6.65898787821997,0.574966058407834,11.5815321284524
"20170223141334","train",0.00100204654929345,0.73876004538154,88014,1451867,546,1539335,241,1451562,87773,305,0.00544263775971093,0.942802073666731,0.441391941391941,0.558608058608059,0.0570200768513676,0.942979923148632,0.00273820074079124,0.997261799259209,0.999789925661235,0.00021007433876519,7.74099169565315,0.592385951063362,13.067480215825
"20170223141334","train",0.00104245123373518,0.746324518470283,75981,1463900,546,1539335,234,1463588,75747,312,0.00611548865106433,0.950607222246394,0.428571428571429,0.571428571428571,0.0492076123780723,0.950792387621928,0.00307971729774549,0.996920282702255,0.999786870687889,0.000213129312111483,8.70945383975603,0.601002467907635,14.4915442195731
"20170223141334","train",0.00111024546109439,0.758079444218191,60948,1478933,546,1539335,220,1478607,60728,326,0.00715516961004326,0.960351481705405,0.402930402930403,0.597069597069597,0.0394508018072739,0.960549198192726,0.00360963444247555,0.996390365557524,0.9997795708122,0.000220429187799583,10.2134908410432,0.621591895753996,16.4311840466552
"20170223141334","train",0.0011597549417289,0.7659990871948,46198,1493683,546,1539335,207,1493344,45991,339,0.00885675166866336,0.969913259531094,0.379120879120879,0.620879120879121,0.0298771872269519,0.970122812773048,0.00448071345079874,0.995519286549201,0.999773044213531,0.000226955786468749,12.6893096140884,0.640000536740672,19.82702964393
"20170223141334","train",0.00136874360531099,0.794415540747124,30799,1509082,546,1539335,186,1508722,30613,360,0.0118679215185835,0.979886108082378,0.340659340659341,0.659340659340659,0.0198871590654406,0.980112840934559,0.00603915711549076,0.993960842884509,0.999761444374792,0.000238555625207908,17.1296131105689,0.672719131719531,25.4632465510295
"20170223141334","train",0.00189558233057674,0.842627619312617,15400,1524481,546,1539335,158,1524093,15242,388,0.0198168819766713,0.989849865022037,0.289377289377289,0.710622710622711,0.00990167832213261,0.990098321677867,0.0102597402597403,0.98974025974026,0.999745487152677,0.000254512847323122,29.2250747765116,0.717729436626512,40.7187907937508
"20170223141334","test",5.53271624548292e-07,0.00155740842570693,513294,0,182,513112,182,0,513112,0,0.000708893891827466,0.000354572623097094,1,0,1,0,0.000354572623097094,0.999645427376903,NA,NA,1,NA,NA
"20170223141334","test",1.16709262540637e-05,0.0318559923748017,508162,5132,182,513112,181,5131,507981,1,0.000712116204774719,0.0103488449114932,0.994505494505495,0.00549450549450549,0.99000023386707,0.00999976613293004,0.000356185625843727,0.999643814374156,0.999805144193297,0.00019485580670304,1.00455076724662,0.549463399590081,1.82823963888413
"20170223141334","test",1.55213773973115e-05,0.0419253902785445,503029,10265,182,513112,180,10263,502849,2,0.000715405664820523,0.0203450654011152,0.989010989010989,0.010989010989011,0.97999851884189,0.0200014811581097,0.000357832252216075,0.999642167747784,0.99980516317584,0.000194836824159766,1.00919641203106,0.549409861306967,1.83687349482648
"20170223141334","test",1.86281090939348e-05,0.049898517422954,497896,15398,182,513112,180,15396,497716,2,0.000722778360015901,0.0303451822931887,0.989010989010989,0.010989010989011,0.969994854924461,0.0300051450755391,0.000361521281552774,0.999638478718447,0.999870113001688,0.000129886998311469,1.01960436593038,0.3662375556374,2.78399729966487
"20170223141334","test",2.13449256223294e-05,0.0567630230895366,492763,20531,182,513112,179,20528,492584,3,0.000726247350110053,0.0403414027828106,0.983516483516483,0.0164835164835165,0.959993139899281,0.0400068601007188,0.000363257793300228,0.9996367422067,0.999853879499294,0.000146120500706249,1.02450365803621,0.412017250092075,2.48655525419692
"20170223141334","test",2.38744607477472e-05,0.0630657871839397,487630,25664,182,513112,177,25659,487453,5,0.000725689404934688,0.0503337268699809,0.972527472527473,0.0274725274725275,0.949993373766351,0.0500066262336488,0.000362980128376023,0.999637019871624,0.999805174563591,0.000194825436408978,1.02372026940755,0.549377743344772,1.86341780643467
"20170223141334","test",2.62811949960857e-05,0.0689848987720943,482497,30797,182,513112,176,30791,482321,6,0.000729263133469656,0.0603299473596029,0.967032967032967,0.032967032967033,0.939991658741172,0.0600083412588285,0.000364769107372688,0.999635230892627,0.999805175828814,0.000194824171185505,1.0287676045211,0.549374174914105,1.87261733713993
"20170223141334","test",2.85735454684136e-05,0.0745535961966305,477364,35930,182,513112,176,35924,477188,6,0.000737101766112584,0.0703300642516764,0.967032967032967,0.032967032967033,0.929987994823742,0.0700120051762578,0.000368691396921427,0.999631308603079,0.999833008627888,0.000166991372112441,1.03983381765723,0.470876857248085,2.20829246893607
"20170223141334","test",3.08034952927953e-05,0.0799071796403006,472231,41063,182,513112,175,41056,472056,7,0.000740877156217123,0.0803262847412984,0.961538461538462,0.0384615384615385,0.919986279798563,0.0800137202014375,0.000370581346840847,0.999629418653159,0.999829530234031,0.000170469765969364,1.0451660885084,0.480686791774087,2.1743183012185
"20170223141334","test",3.30202553657633e-05,0.0851680808147746,467098,46196,182,513112,174,46188,466924,8,0.000744735490498202,0.0903225052309203,0.956043956043956,0.043956043956044,0.909984564773383,0.0900154352266172,0.000372512834565766,0.999627487165434,0.999826824833319,0.000173175166681098,1.05061557421256,0.488316740849866,2.15150431333579
"20170223141334","test",3.52101164637239e-05,0.0903064277013729,461965,51329,182,513112,174,51321,461791,8,0.000753007160059462,0.100322622122994,0.956043956043956,0.043956043956044,0.899980900855954,0.100019099144047,0.000376651910859048,0.999623348089141,0.99984414268737,0.000155857312630287,1.06229360549172,0.439476503310022,2.41717952493661
"20170223141334","test",3.72676600318614e-05,0.0950820025114028,456832,56462,182,513112,174,56454,456658,8,0.000761464637844792,0.110322739015067,0.956043956043956,0.043956043956044,0.889977236938524,0.110022763061476,0.000380884001120762,0.999619115998879,0.999858311784917,0.00014168821508271,1.07423416730601,0.399517724631977,2.68882730621165
"20170223141334","test",3.93527096522599e-05,0.099870559353435,451699,61595,182,513112,174,61587,451525,8,0.000770114255744322,0.120322855907141,0.956043956043956,0.043956043956044,0.879973573021095,0.120026426978905,0.000385212276316751,0.999614787723683,0.999870119327868,0.000129880672132478,1.08644621310808,0.36621971562787,2.96665134820885
"20170223141334","test",4.14551202282442e-05,0.10464796592071,446566,66728,182,513112,174,66720,446392,8,0.000778962636654221,0.130322972799214,0.956043956043956,0.043956043956044,0.869969909103665,0.130030090896335,0.000389640053206021,0.999610359946794,0.999880110298525,0.000119889701474643,1.09893910816866,0.338045168260996,3.25086471083711
"20170223141334","test",4.35845116621238e-05,0.109435286679556,441433,71861,182,513112,174,71853,441259,8,0.000788016711388879,0.140323089691288,0.956043956043956,0.043956043956044,0.859966245186236,0.140033754813764,0.000394170802817189,0.999605829197183,0.999888673967799,0.000111326032201055,1.11172265352917,0.313896060378462,3.54169036778853
"20170223141334","test",4.56012555221125e-05,0.11392240476938,436301,76993,182,513112,174,76985,436127,8,0.000797281910177487,0.150321258382136,0.956043956043956,0.043956043956044,0.849964530161056,0.150035469838944,0.000398807245456692,0.999601192754543,0.999896094450145,0.000103905549855182,1.1248045325642,0.292971015475399,3.83930311583552
"20170223141334","test",4.77743823006364e-05,0.118707145444895,431168,82126,182,513112,174,82118,430994,8,0.000806769444766431,0.160321375274209,0.956043956043956,0.043956043956044,0.839960866243627,0.160039133756373,0.000403554994804809,0.999596445005195,0.99990258870516,9.74112948396367e-05,1.13820059298651,0.274658097206138,4.14406349044302
"20170223141334","test",4.99018617806573e-05,0.123341606414253,426035,87259,182,513112,174,87251,425861,8,0.00081648549917061,0.170321492166283,0.956043956043956,0.043956043956044,0.829957202326198,0.170042797673802,0.000408417148825801,0.999591582851174,0.999908318912662,9.16810873376958e-05,1.15191958496699,0.258499886836525,4.45617055799897
"20170223141334","test",5.19746937839003e-05,0.127810401414808,420902,92392,182,513112,174,92384,420728,8,0.00082643843033694,0.180321609058356,0.956043956043956,0.043956043956044,0.819953538408769,0.180046461591232,0.000413397893096255,0.999586602106904,0.999913412416659,8.6587583340549e-05,1.16597332807331,0.244137227510972,4.77589321366774
"20170223141334","test",5.41031769033653e-05,0.132352029040297,415769,97525,182,513112,174,97517,415595,8,0.000836637007724468,0.19032172595043,0.956043956043956,0.043956043956044,0.809949874491339,0.190050125508661,0.000418501619889891,0.99958149838011,0.999917969751346,8.20302486541912e-05,1.18037422580548,0.23128658209721,5.10351363707456
"20170223141334","test",5.62687516711923e-05,0.136924534451008,410636,102658,182,513112,174,102650,410462,8,0.000847090439075211,0.200321842842504,0.956043956043956,0.043956043956044,0.79994621057391,0.20005378942609,0.000423732941096251,0.999576267058904,0.999922071343685,7.79286563151435e-05,1.19513530210745,0.219721126413771,5.43932812294439
"20170223141334","test",5.8454872965594e-05,0.141491819030834,405503,107791,182,513112,174,107783,405329,8,0.000857808398141415,0.210321959734577,0.956043956043956,0.043956043956044,0.78994254665648,0.21005745334352,0.000429096702120576,0.999570903297879,0.999925782300934,7.42176990657847e-05,1.21027024065297,0.209257244893663,5.78364797485499
"20170223141334","test",6.07001646814671e-05,0.146132696788043,400370,112924,182,513112,174,112916,400196,8,0.000868801054544728,0.220322076626651,0.956043956043956,0.043956043956044,0.779938882739051,0.220061117260949,0.000434597996852911,0.999565402003147,0.999929155892459,7.08441075413552e-05,1.22579342715476,0.199744709575026,6.13680046777079
"20170223141334","test",6.29220101543472e-05,0.150676003982986,395237,118057,182,513112,174,118049,395063,8,0.000880079105961019,0.230322193518724,0.956043956043956,0.043956043956044,0.769935218821622,0.230064781178378,0.000440242183803642,0.999559757816196,0.999932236123229,6.77638767713901e-05,1.24171999497201,0.191059421311266,6.49912988561318
"20170223141334","test",6.51678714519959e-05,0.15521956730955,390104,123190,182,513112,173,123181,389931,9,0.000886529365644681,0.240318414008346,0.950549450549451,0.0494505494505494,0.759933503796442,0.240066496203558,0.000443471484527203,0.999556528515473,0.999926942121925,7.3057878074519e-05,1.25083240283622,0.205986883769983,6.07238859068798
"20170223141334","test",6.75280056047032e-05,0.159942242707982,384971,128323,182,513112,173,128314,384798,9,0.000898344294345364,0.25031853090042,0.950549450549451,0.0494505494505494,0.749929839879013,0.250070160120987,0.000449384499092139,0.999550615500908,0.999929864482595,7.01355174052976e-05,1.26751783967258,0.197746702072029,6.40980520226774
"20170223141334","test",6.98994261316592e-05,0.164634638687676,379838,133456,182,513112,172,133446,379666,10,0.000905215514972896,0.260314751390042,0.945054945054945,0.0549450549450549,0.739928124853833,0.260071875146167,0.000452824625234969,0.999547175374765,0.999925068936578,7.49310634216521e-05,1.2772253321789,0.211268730669837,6.04550104565592
"20170223141334","test",7.22964225491988e-05,0.169324691038028,374705,138589,182,513112,172,138579,374533,10,0.000917609839765049,0.270314868282115,0.945054945054945,0.0549450549450549,0.729924460936404,0.270075539063596,0.000459027768511229,0.999540972231489,0.999927844201199,7.21557988007706e-05,1.29472979141233,0.203443285295514,6.36408220370435
"20170223141334","test",7.47475322023135e-05,0.174066496923636,369572,143722,182,513112,172,143712,369400,10,0.000930348285616924,0.280314985174189,0.945054945054945,0.0549450549450549,0.719920797018974,0.280079202981026,0.000465403223187904,0.999534596776812,0.999930421229874,6.95787701256593e-05,1.31272071729029,0.19617684697845,6.69151705468327
"20170223141334","test",7.7229914110207e-05,0.178813964691463,364440,148854,182,513112,171,148843,364269,11,0.000937957665746993,0.290309257462585,0.93956043956044,0.0604395604395604,0.709921030886044,0.290078969113956,0.000469213039183405,0.999530786960817,0.999926102086608,7.38979133916455e-05,1.3234717647226,0.208355540645269,6.35198737995572
"20170223141334","test",7.9742061262472e-05,0.183563139905604,359307,153987,182,513112,171,153976,359136,11,0.000951350389024421,0.300309374354658,0.93956043956044,0.0604395604395604,0.699917366968615,0.300082633031385,0.000475916138566741,0.999524083861433,0.999928565398378,7.14346016222149e-05,1.34238766446064,0.201409724478255,6.66495953925785
"20170223141334","test",8.23924147011651e-05,0.188514430303702,354174,159120,182,513112,171,159109,354003,11,0.000965131111086026,0.310309491246732,0.93956043956044,0.0604395604395604,0.689913703051186,0.310086296948814,0.000482813532331566,0.999517186467668,0.999930869783811,6.91302161890397e-05,1.3618521206423,0.194912064913133,6.98700781426352
"20170223141334","test",8.51276420379163e-05,0.193561727755354,349041,164253,182,513112,171,164242,348870,11,0.000979316940751325,0.320309608138805,0.93956043956044,0.0604395604395604,0.679910039133756,0.320089960866244,0.000489913792362502,0.999510086207637,0.999933030142524,6.6969857475967e-05,1.38188934635749,0.188820543687143,7.31853282155114
"20170223141334","test",8.78332887413388e-05,0.198493072904545,343908,169386,182,513112,170,169374,343738,12,0.00098811357493679,0.330305828628427,0.934065934065934,0.0659340659340659,0.669908324108577,0.330091675891423,0.000494318247903509,0.999505681752097,0.999929155892459,7.08441075413552e-05,1.39431904404063,0.199744709575026,6.98050550128295
"20170223141334","test",9.04518520258163e-05,0.20320863198232,338775,174519,182,513112,169,174506,338606,13,0.000997176633024248,0.340302049118049,0.928571428571429,0.0714285714285714,0.659906609083397,0.340093390916603,0.000498856172976164,0.999501143827024,0.999925509543373,7.44904566264991e-05,1.40712551714129,0.210026343752405,6.69975723997803
"20170223141334","test",9.32594124165601e-05,0.20820331553731,333642,179652,182,513112,167,179637,333475,15,0.00100052722392638,0.35029437320522,0.917582417582418,0.0824175824175824,0.649906842950467,0.350093157049533,0.000500536503198039,0.999499463496802,0.999916505243471,8.349475652929e-05,1.41186760461968,0.235416147839535,5.99732693605218
"20170223141334","test",9.59994836013925e-05,0.213017950138886,328508,184786,182,513112,166,184770,328342,16,0.00101007027898628,0.360292541896067,0.912087912087912,0.0879120879120879,0.639903179033038,0.360096820966962,0.000505314939057801,0.999494685060942,0.999913413353826,8.65866461744937e-05,1.42535299397352,0.24413458490419,5.83839030644876
"20170223141334","test",9.88976695190523e-05,0.21804712895492,323374,189920,182,513112,165,189903,323209,17,0.00101991618143382,0.370290710586915,0.906593406593407,0.0934065934065934,0.629899515115608,0.370100484884392,0.000510245103193207,0.999489754896807,0.99991048862679,8.95113732097725e-05,1.43926671609997,0.252381710431346,5.70273778412912
"20170223141334","test",0.000101708252230429,0.222863304137279,318243,195051,182,513112,163,195032,318080,19,0.00102378896129387,0.380279138271634,0.895604395604396,0.104395604395604,0.619903646767178,0.380096353232822,0.000512187227998731,0.999487812772001,0.999902589579136,9.74104208642868e-05,1.44474774471002,0.274655632730205,5.26021523880123
"20170223141334","test",0.000104523918755492,0.227629094053121,313110,200184,182,513112,163,200165,312947,19,0.00104056279764565,0.390279255163707,0.895604395604396,0.104395604395604,0.609899982849748,0.390100017150252,0.000520583820382613,0.999479416179617,0.999905087319666,9.49126803340926e-05,1.46844469714476,0.26761240657776,5.48720709896564
"20170223141334","test",0.000107364989280209,0.232379027917498,307976,205318,182,513112,163,205299,307813,19,0.00105789887006016,0.400281320257007,0.895604395604396,0.104395604395604,0.599894370040069,0.400105629959931,0.000529262020417175,0.999470737979583,0.999907460622059,9.25393779405605e-05,1.49293682410217,0.260920108537486,5.72181589403136
"20170223141334","test",0.00011009508542516,0.236888730189673,302844,210450,182,513112,161,210429,302683,21,0.00106261508913427,0.410271696142951,0.884615384615385,0.115384615384615,0.589896552799389,0.410103447200611,0.000531626844183804,0.999468373155816,0.999900213827512,9.97861724875267e-05,1.49961104267755,0.281354902457507,5.32996236987211
"20170223141334","test",0.000112979684717767,0.241596458395391,297711,215583,182,513112,161,215562,297550,21,0.00108092503012827,0.420271813035025,0.884615384615385,0.115384615384615,0.579892888881959,0.42010711111804,0.000540792916620481,0.99945920708338,0.999902589721824,9.7410278175923e-05,1.52548065612761,0.274655230370987,5.55416568643925
"20170223141334","test",0.000115802352025001,0.246147247592014,292578,220716,182,513112,161,220695,292417,21,0.00109987703238147,0.430271929927098,0.884615384615385,0.115384615384615,0.56988922496453,0.43011077503547,0.000550280608931635,0.999449719391068,0.999904855107921,9.51448920785081e-05,1.55225848439307,0.26826720482671,5.7862401980733
"20170223141334","test",0.000118581260683189,0.250574475284903,287444,225850,182,513112,161,225829,287283,21,0.00111950936285315,0.440273995020398,0.884615384615385,0.115384615384615,0.559883612154851,0.440116387845149,0.000560109099511557,0.999439890900488,0.999907017932256,9.29820677440779e-05,1.57999870939377,0.262168414017822,6.02665548141264
"20170223141334","test",0.000121802464254929,0.255641743003141,282313,230981,182,513112,158,230957,282155,24,0.00111860386909503,0.450258526302665,0.868131868131868,0.131868131868132,0.54988969269867,0.45011030730133,0.000559662502258132,0.999440337497742,0.999896095349834,0.000103904650166031,1.57873820815112,0.292968478457552,5.38876474514599
"20170223141334","test",0.000124556745044945,0.259920487834682,277180,236114,182,513112,157,236089,277023,25,0.00113209451907615,0.460254746792287,0.862637362637363,0.137362637362637,0.53988797767349,0.46011202232651,0.000566418933544989,0.999433581066455,0.999894118942545,0.000105881057455297,1.59780806076601,0.298541726138946,5.35204268237655
"20170223141334","test",0.00012797239990704,0.26515885924509,272047,241247,182,513112,156,241221,271891,26,0.00114609391358011,0.470250967281909,0.857142857142857,0.142857142857143,0.529886262648311,0.470113737351689,0.000573430326377427,0.999426569673623,0.999892226639088,0.00010777336091226,1.61759780836543,0.3038778310583,5.32318465855802
"20170223141334","test",0.000131423627057563,0.270377037917036,266914,246380,182,513112,156,246354,266758,26,0.00116811932788211,0.480251084173982,0.857142857142857,0.142857142857143,0.519882598730881,0.480117401269119,0.000584457915283574,0.999415542084716,0.999894471953892,0.000105528046107639,1.64872388349847,0.297546271973316,5.54106718448931
"20170223141334","test",0.000134816661272145,0.275435519699539,261781,251513,182,513112,155,251486,261626,27,0.001183373224463,0.490247304663604,0.851648351648352,0.148351648351648,0.509880883705702,0.490119116294298,0.000592097975024925,0.999407902024975,0.999892649684112,0.000107350315888244,1.67028884365846,0.302684884999606,5.5182433165126
"20170223141334","test",0.000139233182787506,0.281915781957505,256648,256646,182,513112,154,256618,256494,28,0.00119923684927773,0.500243525153226,0.846153846153846,0.153846153846154,0.499879168680522,0.500120831319478,0.000600043639537421,0.999399956360463,0.999890900306258,0.000109099693741574,1.69271675870661,0.307617967922389,5.50265893159294
"20170223141334","test",0.000143193865842878,0.28762944835071,251515,261779,182,513112,153,261750,251362,29,0.00121574750592975,0.510239745642848,0.840659340659341,0.159340659340659,0.489877453655342,0.510122546344658,0.000608313619466036,0.999391686380534,0.999889219532506,0.000110780467493573,1.71606048489587,0.312357609916349,5.49389683624304
"20170223141334","test",0.000147760508346945,0.294105494379688,246377,266917,182,513112,150,266885,246227,32,0.00121674730997449,0.520237914333696,0.824175824175824,0.175824175824176,0.479869891953414,0.520130108046586,0.000608823063841186,0.999391176936159,0.999880112544349,0.000119887455651008,1.71749850948314,0.338038835099367,5.08077277268537
"20170223141334","test",0.000152175535558619,0.300255615403411,241247,272047,182,513112,150,272015,241097,32,0.00124260134449465,0.530232186622092,0.824175824175824,0.175824175824176,0.469872074712733,0.530127925287267,0.000621769389878423,0.999378230610122,0.999882373266384,0.000117626733615883,1.75404300134181,0.331663674817545,5.28861957013152
"20170223141334","test",0.000157768885981963,0.307895008070242,236116,277178,182,513112,149,277145,235967,33,0.00126111943393512,0.540224510709262,0.818681318681319,0.181318681318681,0.459874257472053,0.540125742527947,0.000631045757170204,0.99936895424283,0.999880942931979,0.000119057068021272,1.78022862854216,0.335697166496928,5.3030791028689
"20170223141334","test",0.000163396304358007,0.315414511298569,230983,282311,182,513112,149,282278,230834,33,0.00128912248826596,0.550224627601336,0.818681318681319,0.181318681318681,0.449870593554624,0.550129406445376,0.000645069117640692,0.999354930882359,0.999883107636613,0.000116892363386478,1.81981514331168,0.329592781615256,5.52140472977958
"20170223141334","test",0.000168444622745824,0.322022580284942,225843,287451,182,513112,149,287418,225694,33,0.00131843822585997,0.56023838190199,0.818681318681319,0.181318681318681,0.439853287391447,0.560146712608553,0.000659750357549271,0.999340249642451,0.999885197825021,0.000114802174979388,1.86125997497146,0.323698554748802,5.74997925590321
"20170223141334","test",0.000174386023222999,0.329638161009192,220717,292577,182,513112,149,292544,220568,33,0.00134903281590229,0.570224861385483,0.818681318681319,0.181318681318681,0.429863265719765,0.570136734280235,0.000675072604285125,0.999324927395715,0.999887209179122,0.000112790820877923,1.90451565408948,0.318026659951293,5.98854088012987
"20170223141334","test",0.000180329152239195,0.337086783559132,215585,297709,182,513112,147,297674,215438,35,0.00136258093220928,0.580215237271427,0.807692307692308,0.192307692307692,0.419865448479084,0.580134551520916,0.000681865621448617,0.999318134378551,0.999882435532685,0.000117564467315399,1.92369319889999,0.331488086347429,5.80320463427993
"20170223141334","test",0.000185288653125616,0.343177136978564,210451,302843,182,513112,146,302807,210305,36,0.00138629749374504,0.590213405962275,0.802197802197802,0.197802197802198,0.409861784561655,0.590138215438345,0.000693748188414405,0.999306251811586,0.999881126524305,0.000118873475695327,1.95723981208872,0.335179442082519,5.8393790500041
"20170223141334","test",0.000192853249422522,0.352254164881965,205319,307975,182,513112,144,307937,205175,38,0.0014014530342918,0.60020378184822,0.791208791208791,0.208791208791209,0.399863967320975,0.600136032679025,0.000701347659008665,0.999298652340991,0.999876613361474,0.000123386638525854,1.97869489594115,0.347906470236687,5.68743344898129
"20170223141334","test",0.000202075872282624,0.362987127163289,200186,313108,182,513112,143,313069,200043,39,0.00142737363251617,0.610200002337841,0.785714285714286,0.214285714285714,0.389862252295795,0.610137747704205,0.000714335667828919,0.999285664332171,0.999875442339385,0.000124557660615506,2.01536383963162,0.351208747683646,5.73836458494757
"20170223141334","test",0.000208364117063475,0.370103616721195,195053,318241,182,513112,143,318202,194910,39,0.00146490127282506,0.620200119229915,0.785714285714286,0.214285714285714,0.379858588378366,0.620141411621634,0.000733134071252429,0.999266865928748,0.999877451365475,0.000122548634525407,2.06843891319803,0.345543307171455,5.98604826159082
"20170223141334","test",0.000222778415446672,0.385831780013376,189892,323402,182,513112,139,323359,189753,43,0.00146258825510064,0.630239200146505,0.763736263736264,0.236263736263736,0.369808151046945,0.630191848953055,0.000731995028753186,0.999268004971247,0.999867038546453,0.000132961453546979,2.06522290429264,0.374907635914752,5.50861787398281
"20170223141334","test",0.000239024516038286,0.402643473232973,184787,328507,182,513112,139,328464,184648,43,0.00150295454914067,0.640184767404256,0.763736263736264,0.236263736263736,0.359859056112506,0.640140943887494,0.000752217417891951,0.999247782582108,0.999869104767935,0.00013089523206507,2.12232053289633,0.369080807156213,5.75028690667749
"20170223141334","test",0.000258352033057804,0.421483530692832,179654,333640,182,513112,138,333596,179516,44,0.00153473164438711,0.650180987893878,0.758241758241758,0.241758241758242,0.349857341087326,0.650142658912674,0.00076814320861211,0.999231856791388,0.999868121328378,0.000131878671622108,2.16728840356818,0.371854143769874,5.82832930566837
"20170223141334","test",0.000280447548411677,0.441617368974202,174521,338773,182,513112,138,338729,174383,44,0.00157982404423507,0.660181104785951,0.758241758241758,0.241758241758242,0.339853677169897,0.660146322830103,0.000790735785378264,0.999209264214622,0.99987011951956,0.000129880480439704,2.23108299005606,0.366219175048652,6.09220691341368
"20170223141334","test",0.000304995291598183,0.46240448242003,169384,343910,182,513112,137,343865,169247,45,0.00161588997794369,0.670185118080476,0.752747252747253,0.247252747252747,0.329844166575718,0.670155833424282,0.000808813111037642,0.999191186888962,0.999869151812974,0.000130848187025675,2.28212995415959,0.368948138508867,6.18550337015657
"20170223141334","test",0.000333010010021547,0.484314597017163,164255,349039,182,513112,137,348994,164118,45,0.00166629164968955,0.680177442167647,0.752747252747253,0.247252747252747,0.319848298227288,0.680151701772712,0.000834068978113299,0.999165931021887,0.999871074579059,0.000128925420941499,2.35345086067128,0.363525881958864,6.47395681427049
"20170223141334","test",0.000360272246456997,0.503988040884667,159120,354174,182,513112,137,354129,158983,45,0.00172000351533565,0.690181455462172,0.752747252747253,0.247252747252747,0.309840736525359,0.690159263474641,0.000860985419808949,0.999139014580191,0.999872943807281,0.000127056192718833,2.42946508967404,0.358254623734152,6.78139214045946
"20170223141334","test",0.000386684054543905,0.521668145374423,153989,359305,182,513112,133,359256,153856,49,0.00172535690888689,0.700162090341987,0.730769230769231,0.269230769230769,0.299848765961428,0.700151234038572,0.000863698056354675,0.999136301943645,0.999863625610554,0.000136374389446292,2.43712602393447,0.384532306938613,6.33789666032802
"20170223141334","test",0.000409656987307157,0.536052850226539,148856,364438,182,513112,133,364389,148723,49,0.00178477972060817,0.710162207234061,0.730769230769231,0.269230769230769,0.289845102043998,0.710154897956002,0.000893480948030311,0.99910651905197,0.999865546402955,0.000134453597045314,2.52124057165644,0.379115556346483,6.65032212329537
"20170223141334","test",0.000430759266986751,0.548524891663868,143721,369573,182,513112,132,369523,143589,50,0.00183456911947631,0.720162324126134,0.725274725274725,0.274725274725275,0.279839489234319,0.720160510765681,0.000918446156094099,0.999081553843906,0.999864708731428,0.000135291268572109,2.59175260524946,0.381477838090823,6.79397948310804
"20170223141334","test",0.000449824220338979,0.559230332559623,138445,374849,182,513112,129,374796,138316,53,0.00186110930771062,0.730429344586144,0.708791208791209,0.291208791208791,0.26956298040194,0.730437019598061,0.000931777962367727,0.999068222037632,0.999858609733519,0.000141390266480636,2.62940856246041,0.398677481282418,6.5953275163735
"20170223141334","test",0.000469588091897629,0.569805535530994,133355,379939,182,513112,128,379885,133227,54,0.00191707167301946,0.740341792423056,0.703296703296703,0.296703296703297,0.259645067743495,0.740354932256505,0.000959844025345881,0.999040155974654,0.999857871921545,0.000142128078454699,2.70868501146148,0.400758182023565,6.75890133492571
"20170223141334","test",0.000489612608705343,0.580015347466997,128167,385127,182,513112,125,385070,128042,57,0.00194781416294634,0.750437371175194,0.686813186813187,0.313186813186813,0.249540061429084,0.750459938570916,0.000975290051261245,0.999024709948739,0.999851996873758,0.000148003126241474,2.75231633301642,0.4173264915156,6.59511530892961
"20170223141334","test",0.000509772185986779,0.589816297197658,123192,390102,182,513112,122,390042,123070,60,0.00197772626323212,0.760117983066235,0.67032967032967,0.32967032967033,0.239850169163847,0.760149830836153,0.00099032404701604,0.999009675952984,0.99984619407232,0.000153805927680453,2.7947850638027,0.433691249141893,6.44418136020151
"20170223141334","test",0.000524673109350441,0.596771864611069,118044,395250,182,513112,118,395186,117926,64,0.0019961768138988,0.770131737366889,0.648351648351648,0.351648351648352,0.229825067431672,0.770174932568328,0.000999627257632747,0.999000372742367,0.99983807716635,0.000161922833649589,2.82106584628505,0.456582442219585,6.17865600037312
"20170223141334","test",0.000551178201250977,0.608578679789739,112312,400982,182,513112,116,400916,112196,66,0.0020623322132736,0.781291033988319,0.637362637362637,0.362637362637363,0.218657914841204,0.781342085158796,0.00103283709665931,0.998967162903341,0.999835404082976,0.000164595917023707,2.91488482283163,0.464121118682174,6.28043996599025
"20170223141334","test",0.000573361543151906,0.617942003675273,107793,405501,182,513112,114,405433,107679,68,0.00211159990738597,0.790087162522843,0.626373626373626,0.373626373626374,0.209854768549556,0.790145231450444,0.00105758258885085,0.998942417411149,0.999832306208863,0.000167693791137383,2.98479577425333,0.472857847842124,6.31224751344273
"20170223141334","test",0.000589659442485898,0.624540874292668,102557,410737,182,513112,114,410669,102443,68,0.00221921568245749,0.800287944141174,0.626373626373626,0.373626373626374,0.199650368730414,0.800349631269586,0.00111157697670564,0.998888423023294,0.999834443938579,0.000165556061421299,3.13735271493244,0.466828944537269,6.72056167820154
"20170223141334","test",0.000608174522028882,0.631766454827003,97527,415767,182,513112,112,415697,97415,70,0.00229252167149393,0.810079603502087,0.615384615384615,0.384615384615385,0.189851338499197,0.810148661500803,0.00114839993027572,0.998851600069724,0.999831636469465,0.000168363530535131,3.24140256397096,0.474746676619676,6.82764666632449
"20170223141334","test",0.000627631306111306,0.639066066837849,92394,420900,182,513112,110,420828,92284,72,0.00237642585551331,0.820071927589257,0.604395604395604,0.395604395604396,0.179851572366267,0.820148427633733,0.00119055349914497,0.998809446500855,0.999828937990021,0.000171062009978617,3.36052443936801,0.482357073762589,6.9668812217358
"20170223141334","test",0.000643073917434484,0.644657060057502,87261,426033,182,513112,108,425959,87153,74,0.00247018057477442,0.830064251676427,0.593406593406593,0.406593406593407,0.169851806233337,0.830148193766663,0.0012376663114106,0.998762333688589,0.999826304535095,0.000173695464905301,3.49367255236244,0.489784124866375,7.13308654770222
"20170223141334","test",0.000661143569851559,0.650983377559413,82128,431166,182,513112,104,431088,82024,78,0.00252703195237517,0.840048782958694,0.571428571428571,0.428571428571429,0.159855937884906,0.840144062115094,0.0012663159945451,0.998733684005455,0.999819095197673,0.000180904802326714,3.57464714160315,0.510116595352093,7.00750999707403
"20170223141334","test",0.000681859330378181,0.657964770335905,76991,436303,182,513112,101,436222,76890,81,0.00261749575628782,0.850045003448316,0.554945054945055,0.445054945054945,0.149850325075227,0.850149674924773,0.0013118416438285,0.998688158356172,0.999814349202275,0.000185650797725434,3.70332900289982,0.523501870531594,7.07414664849095
"20170223141334","test",0.000704790230106285,0.665374363331741,71863,441431,182,513112,100,441349,71763,82,0.00277604275105837,0.860031482931809,0.549450549450549,0.450549450549451,0.139858354511296,0.860141645488704,0.00139153667394904,0.998608463326051,0.999814240504178,0.000185759495821544,3.92862157838538,0.523808436566821,7.50011130812366
"20170223141334","test",0.000722096931814228,0.670757679249733,66730,446564,182,513112,96,446478,66634,86,0.00286944045911047,0.870016014214076,0.527472527472527,0.472527472527473,0.129862486162865,0.870137513837135,0.00143863329836655,0.998561366701633,0.999807418421548,0.000192581578452361,4.06177752373388,0.543049190516703,7.4795756897624
"20170223141334","test",0.000746665438248983,0.678109277455992,61597,451697,182,513112,94,451609,61503,88,0.00304310526230596,0.880008338301246,0.516483516483517,0.483516483516484,0.119862720029935,0.880137279970065,0.00152604834651038,0.99847395165349,0.999805179135571,0.000194820864429031,4.30895875176642,0.549364848552863,7.84352832751691
"20170223141334","test",0.000787024014773952,0.68949903213507,56464,456830,182,513112,88,456736,56376,94,0.0031070154997705,0.88998507677861,0.483516483516484,0.516483516483517,0.109870749466004,0.890129250533996,0.00155851516010201,0.998441484839898,0.999794234179016,0.000205765820983736,4.40077532797839,0.580234293136276,7.58447989034114
"20170223141334","test",0.000817930505070513,0.697691249239224,51324,461970,182,513112,86,461874,51238,96,0.0033394167669786,0.899991038274361,0.472527472527473,0.527472527472527,0.099857341087326,0.900142658912674,0.0016756293352038,0.998324370664796,0.999792194298331,0.00020780570166894,4.73202538123105,0.585987701226922,8.07529811858386
"20170223141334","test",0.000866652516531012,0.709763831079699,46197,467097,182,513112,80,466995,46117,102,0.00344983721080662,0.90995608754437,0.43956043956044,0.56043956043956,0.0898770638768924,0.910122936123108,0.0017317141805745,0.998268285819426,0.99978162993982,0.00021837006018022,4.89068534951832,0.615784459654308,7.94220327070915
"20170223141334","test",0.000917100768731023,0.721289516597103,41064,472230,182,513112,75,472123,40989,107,0.00363671628764001,0.919936722424186,0.412087912087912,0.587912087912088,0.0798831444207113,0.920116855579289,0.00182641729982466,0.998173582700175,0.999773415496686,0.000226584503314063,5.15863409078662,0.638953720222796,8.07356452825387
"20170223141334","test",0.000962056058956931,0.730816169742705,35932,477362,182,513112,69,477249,35863,113,0.00382123276291743,0.929911512700324,0.379120879120879,0.620879120879121,0.0698931227490295,0.930106877250971,0.00192029388845597,0.998079706111544,0.999763282372707,0.000236717627293333,5.42429446860197,0.667535243599311,8.1258548078368
"20170223141334","test",0.00100204654929345,0.738760170756165,29265,484029,182,513112,69,483916,29196,113,0.00468638570991952,0.942900170272787,0.379120879120879,0.620879120879121,0.0568998581206442,0.943100141879356,0.00235776524859047,0.99764223475141,0.999766542913751,0.000233457086248964,6.66294946319607,0.658338487407995,10.120856657537
"20170223141334","test",0.00104245123373518,0.746324641461146,25304,487990,182,513112,68,487876,25236,114,0.0053362630463784,0.950613098925762,0.373626373626374,0.626373626373626,0.0491822448120488,0.950817755187951,0.00268732216250395,0.997312677837496,0.999766388655505,0.000233611344494764,7.59677349121001,0.658773590370964,11.5316910122826
"20170223141334","test",0.00111024546109439,0.758079563357242,20220,493074,182,513112,66,492958,20154,116,0.00646995392608568,0.960509961152868,0.362637362637363,0.637362637362637,0.0392779743993514,0.960722025600649,0.00326409495548961,0.99673590504451,0.999764741195034,0.000235258804966395,9.23258819180224,0.663420448765245,13.9166469905863
"20170223141334","test",0.00115664606150133,0.765517167338,15400,497894,182,513112,64,497776,15336,118,0.00821460659735592,0.96989249825636,0.351648351648352,0.648351648351648,0.0298882115405603,0.97011178845944,0.00415584415584416,0.995844155844156,0.999763001763428,0.000236998236572443,11.7654531175658,0.668326739314493,17.6043429440422
"20170223141334","test",0.00136867772528179,0.79440777493261,10263,503031,182,513112,60,502909,10203,122,0.0114887505983724,0.97988482234353,0.32967032967033,0.67032967032967,0.019884547623131,0.980115452376869,0.00584624378836598,0.994153756211634,0.999757470215553,0.000242529784446684,16.579222012918,0.683929294966282,24.2411344782875
"20170223141334","test",0.00191104690057446,0.843704193003611,5134,508160,182,513112,48,508026,5086,134,0.018058690744921,0.989830389601281,0.263736263736264,0.736263736263736,0.009912065981696,0.990087934018304,0.00934943513829373,0.990650564861706,0.999736303526448,0.000263696473551637,26.6075976716952,0.743634692401094,35.7804684794666
